url,sku_id,价格,品牌,商品名,厂家,通用名,规格,批准文号,剂型
https://item.jd.com/100029053438.html,100029053438,19.40,济悦,济悦盐酸托哌酮胶囊,济川药业集团有限公司,盐酸托哌酮胶囊,50mg*12粒*2板,国药准字H32025589,胶囊剂
https://item.jd.com/100009998793.html,100009998793,29.80,国风,国风苦金片,上海医药集团青岛国风药业股份有限公司,苦金片,0.41g*12片,国药准字Z20030130,片剂
https://item.jd.com/100018488548.html,100018488548,34.90,金诃,金诃二十五味松石丸,金诃藏药股份有限公司,二十五味松石丸,0.25g*12丸/盒,国药准字Z63020246,丸剂
https://item.jd.com/100032681442.html,100032681442,7.00,禾沐康,禾沐康健胃消食片,洛阳天生药业有限责任公司,健胃消食片,0.5g*12片/板*6板,国药准字Z20054200,片剂
https://item.jd.com/100032523901.html,100032523901,118.00,葫芦妈,葫芦妈养血当归糖浆,广西维威制药有限公司,养血当归糖浆,10ml*18袋,国药准字Z45021887,糖浆剂
https://item.jd.com/100016974731.html,100016974731,9.50,金太子,金太子益母草膏,湖北太子药业有限公司,益母草膏,125g,国药准字Z42020333,其他
https://item.jd.com/100029562114.html,100029562114,20.40,海王,海王格列齐特片,深圳海王药业有限公司,格列齐特片,80mg*60片,国药准字H44021632,片剂
https://item.jd.com/100037193037.html,100037193037,19.90,百灵鸟,百灵鸟康尔心胶囊,贵州顺健制药有限公司,康尔心胶囊,0.4g*12粒/板*3板,国药准字Z20064235,胶囊剂
https://item.jd.com/100045427964.html,100045427964,31.60,仲景,仲景通脉颗粒,仲景宛西制药股份有限公司,通脉颗粒,10g*12袋/盒,国药准字Z41022236,颗粒剂
https://item.jd.com/100026561463.html,100026561463,177.00,致康,致康生精片,西安千禾药业股份有限公司,生精片,0.5g*12片*3板,国药准字Z20090543,片剂
https://item.jd.com/100019364955.html,100019364955,51.00,伍舒芳,伍舒芳麝香海马追风膏,重庆希尔安药业有限公司,麝香海马追风膏,7cm*10cm*5片/盒,国药准字Z50020097,贴膏剂
https://item.jd.com/4321268.html,4321268,24.60,同仁堂（TRT）,同仁堂5ml*6瓶,北京同仁堂科技发展股份有限公司制药厂,感冒水,5ml*6瓶,国药准字Z11020749,酊剂
https://item.jd.com/100040357453.html,100040357453,41.00,花红,花红葛根芩连丸,广西壮族自治区花红药业集团股份公司,葛根芩连丸,1克*12袋,国药准字Z45021989,丸剂
https://item.jd.com/100020393235.html,100020393235,36.50,仁和,仁和十二乌鸡白凤丸,江西药都樟树制药有限公司,十二乌鸡白凤丸,6g*20袋,国药准字Z20023075,丸剂
https://item.jd.com/100039899716.html,100039899716,138.00,天草,天草丹参保心茶,大兴安岭天草药业有限公司,丹参保心茶,2.5g*30袋,国药准字B20040008,茶剂
https://item.jd.com/100041894019.html,100041894019,83.00,苏紫堂,苏紫堂山楂粉,安徽康和中药科技有限公司,山楂粉,3g*30袋/盒,无,-
https://item.jd.com/100033888113.html,100033888113,17.90,悦康志德（YUE KANG ZHI DE）,悦康志德赤小豆,河北悦康志德药业有限公司,赤小豆,260g/瓶,无,-
https://item.jd.com/100007819519.html,100007819519,92.10,玉林,玉林睡安胶囊,广西玉林制药集团有限责任公司,睡安胶囊,0.5g*10粒*6板,国药准字Z45021732,胶囊剂
https://item.jd.com/100013666992.html,100013666992,35.00,维莫思（WEIMOSI）,维莫思盐酸莫西沙星滴眼液,"Alcon Laboratories, Inc.",盐酸莫西沙星滴眼液,"5ml：25mg(0.5%,W/V)",H20180089,滴眼剂
https://item.jd.com/100033928141.html,100033928141,72.00,同仁堂（TRT）,同仁堂枸杞子,北京同仁堂(安国)中药饮片有限责任公司,枸杞子,150g,无,-
https://item.jd.com/100024422807.html,100024422807,265.00,年青保,年青保参味补肾合剂,周至年青保制药有限公司,参味补肾合剂,100ml/瓶*10瓶/盒,国药准字B20040039,合剂
https://item.jd.com/100028885770.html,100028885770,14.00,玉屏山,玉屏山板蓝根颗粒,广西万寿堂药业有限公司,板蓝根颗粒,5g*20袋,国药准字Z45021549,颗粒剂
https://item.jd.com/100025328696.html,100025328696,279.00,鲁南,鲁南脉络舒通颗粒,鲁南厚普制药有限公司,脉络舒通颗粒,20g*6袋,国药准字Z19991025,其他
https://item.jd.com/100020337084.html,100020337084,660.00,欧唐宁,欧唐宁利格列汀片,West-Ward Columbus Inc./分包装上海勃林格殷格翰药业有限公司,利格列汀片,5mg*7片*12盒,国药准字J20171087 (H20171166),片剂
https://item.jd.com/100043943061.html,100043943061,26.00,华西,华西十味玉泉片,陕西华西制药股份有限公司,十味玉泉片,0.65g*12片*4板,国药准字Z20053914,片剂
https://item.jd.com/100027837559.html,100027837559,18.00,顺势,顺势麦味地黄口服液,洛阳顺势药业有限公司,麦味地黄口服液,10ml*10支,国药准字Z41021130,合剂（含口服液）
https://item.jd.com/100029869114.html,100029869114,35.00,关爱,关爱阿娜尔妇洁液,陕西关爱制药有限公司,阿娜尔妇洁液,200ml,国药准字Z20055123,其他
https://item.jd.com/100034610609.html,100034610609,38.00,长谓安,长谓安奥美拉唑肠溶胶囊,海南葫芦娃药业集团股份有限公司,奥美拉唑肠溶胶囊,20mg*28粒,国药准字H20046272,胶囊剂
https://item.jd.com/100034751139.html,100034751139,16.80,长谓安,长谓安奥美拉唑肠溶胶囊,海南葫芦娃药业集团股份有限公司,奥美拉唑肠溶胶囊,20mg*14粒,国药准字H20046272,胶囊剂
https://item.jd.com/100040977453.html,100040977453,100.00,鲁南,鲁南聚甲酚磺醛阴道栓,山东新时代药业有限公司,聚甲酚磺醛阴道栓,90mg*6枚*5盒,国药准字H20055730,栓剂
https://item.jd.com/100034152473.html,100034152473,29.50,悦康志德（YUE KANG ZHI DE）,悦康志德山药,河北悦康志德药业有限公司,山药,150g/瓶,无,-
https://item.jd.com/100017030814.html,100017030814,38.00,澳米沙,澳米沙克林霉素磷酸酯外用溶液,澳美制药厂,克林霉素磷酸酯外用溶液,1%30ml,HC20150070,溶液剂
https://item.jd.com/100020200055.html,100020200055,96.60,丽芙,丽芙甲硝唑凝胶+阿达帕林凝胶16g+15%壬二酸净颜露,江苏知原药业股份有限公司/武汉诺安药业有限公司/苏知原药业股份有限公司委托上海康美国际生化有限公司生产,甲硝唑凝胶/阿达帕林凝胶/壬二酸净颜凝露,（20g：0.15g）*20g*1盒/1%（30g：30mg）*16g*1盒/15%*15g*1盒,国药准字H10980213/国药准字H20173406/沪妆20160132,其他
https://item.jd.com/100020960171.html,100020960171,11.00,一生安,一生安醒脑安神胶囊,同药集团大同制药有限公司,醒脑安神胶囊,0.46g*12粒*2板/盒,国药准字Z14021798,胶囊剂
https://item.jd.com/100019847301.html,100019847301,42.00,维唐平,维唐平二甲双胍格列吡嗪片,北京四环科宝制药股份有限公司,二甲双胍格列吡嗪片,250mg/2.5mg*10片*2板,国药准字H20140028,片剂
https://item.jd.com/100049998925.html,100049998925,133.00,丽珠维三联,丽珠维三联【7盒装】丽珠维三联 枸橼酸铋钾片/替硝唑片/克拉霉素片组合包装 8片/盒 幽门螺杆菌治疗药 十二指肠溃疡,丽珠集团丽珠制药厂,枸橼酸铋钾片/替硝唑片/克拉霉素片组合包装,8片/盒*7,国药准字H10900084/国药准字H10950320/国药准字H10960227,片剂
https://item.jd.com/100018183731.html,100018183731,29.00,鑫瑞,鑫瑞清热解毒口服液,武汉鑫瑞药业有限公司,清热解毒口服液,10ml*10支/盒,国药准字Z42020187,合剂
https://item.jd.com/5793152.html,5793152,80.00,同仁堂（TRT）,同仁堂12g*10袋,北京同仁堂科技发展股份有限公司制药厂,百合更年安颗粒,12克*10袋,国药准字Z20040036,颗粒剂
https://item.jd.com/100037388160.html,100037388160,30.00,迪沙,迪沙克霉唑阴道片		,迪沙药业集团有限公司,克霉唑阴道片,0.5g*1片*2板,国药准字H20074186,片剂
https://item.jd.com/100037003701.html,100037003701,28.50,桂药,桂药交沙霉素片,桂林南药股份有限公司,交沙霉素片,0.2g*12片,国药准字H10900098,片剂
https://item.jd.com/100006964734.html,100006964734,55.00,金博瑞（GOLDBRAIN）,金博瑞艾地苯醌片,深圳海王药业有限公司,艾地苯醌片,30mg/片*12片/盒,国药准字H10970363,片剂
https://item.jd.com/100039607655.html,100039607655,8.90,万岁,万岁冠心苏合胶囊,河北万岁药业有限公司,冠心苏合胶囊,0.35g*20粒,国药准字Z13020144,胶囊剂
https://item.jd.com/100053192167.html,100053192167,,宝岛,宝岛健阳片,海口市制药厂有限公司,健阳片,8片/板*2板,国药准字Z46020063,片剂
https://item.jd.com/100014192638.html,100014192638,135.00,同仁堂（TRT）,同仁堂五子衍宗丸+锁阳固精丸,北京同仁堂股份有限公司同仁堂制药厂,五子衍宗丸/锁阳固精丸,60g*3盒/9g*10丸*3盒,国药准字Z11020188/国药准字Z11020033,其他
https://item.jd.com/100015985905.html,100015985905,9.00,百灵鸟,百灵鸟消炎镇痛膏,四川峨嵋山药业有限公司,消炎镇痛膏,10cm*7cm*4贴,国药准字Z51021593,橡胶膏剂
https://item.jd.com/100014982129.html,100014982129,26.00,百灵鸟,百灵鸟鞣酸苦参碱胶囊,贵州百灵企业集团制药股份有限公司,鞣酸苦参碱胶囊,0.3g*12粒*2板,国药准字H52020757,胶囊剂
https://item.jd.com/100045550691.html,100045550691,13.10,三零饮帝,三零饮帝 菊花（贡菊）,安国润德药业有限公司,菊花（贡菊）,12g,无,-
https://item.jd.com/100035276614.html,100035276614,25.00,仁和,仁和 风湿定胶囊 ,江西新赣江药业股份有限公司,风湿定胶囊,0.3g*48粒/盒,国药准字Z20044244,胶囊剂
https://item.jd.com/100036638699.html,100036638699,,通德,通德复方胃蛋白酶颗粒,成都通德药业有限公司,复方胃蛋白酶颗粒,10g*10袋,国药准字H51023902,颗粒剂
https://item.jd.com/100011384543.html,100011384543,9.90,鲁抗,鲁抗格列齐特缓释片,山东鲁抗医药集团赛特有限责任公司,格列齐特缓释片,30mg*10片*2板,国药准字H20083477,片剂
https://item.jd.com/100030758509.html,100030758509,7.80,辰欣,辰欣富马酸酮替芬滴鼻液,辰欣佛都药业（汶上）有限公司,富马酸酮替芬滴鼻液,0.15%*10ml/支/盒,国药准字H19983189,其他
https://item.jd.com/100034104117.html,100034104117,600.00,择思达,择思达25mg*7粒,LILLY DEL CARIBE Inc/包装厂LILLY S.A.,盐酸托莫西汀胶囊,25mg*7粒*4盒,国药准字HJ20160115,胶囊剂
https://item.jd.com/100020530627.html,100020530627,35.90,瑞珠,瑞珠氧氟沙星滴眼液,湖北远大天天明制药有限公司,氧氟沙星滴眼液,0.8ml：2.4mg*15支/盒,国药准字H20053719,眼用制剂
https://item.jd.com/4250079.html,4250079,35.00,同仁堂（TRT）,同仁堂健步强身丸 600粒,北京同仁堂股份有限公司同仁堂制药厂,健步强身丸,60g,国药准字Z11020137,丸剂
https://item.jd.com/100034104397.html,100034104397,860.00,择思达,择思达40mg*7粒,LILLY DEL CARIBE Inc，/包装厂LILLYS.A,盐酸托莫西汀胶囊,40mg*7粒*4盒,国药准字HJ20160119,胶囊剂
https://item.jd.com/100013600488.html,100013600488,18.00,雷允上,雷允上六神胶囊,雷允上药业集团有限公司,六神胶囊,0.19g*6粒/板/盒,国药准字Z20060207,胶囊剂
https://item.jd.com/100026177449.html,100026177449,5.50,赛维,赛维替米沙坦片,重庆赛维药业有限公司,替米沙坦片,40mg*14片,国药准字H20061017,片剂
https://item.jd.com/100044225735.html,100044225735,56.50,一品红,一品红熊胆川贝口服液,广州一品红制药有限公司,熊胆川贝口服液,10ml*6支,国药准字Z20026700,合剂（含口服液）
https://item.jd.com/100034106757.html,100034106757,1290.00,择思达,择思达40mg*7粒,LILLY DEL CARIBE Inc，/包装厂LILLYS.A,盐酸托莫西汀胶囊,40mg*7粒*6盒,国药准字HJ20160119,胶囊剂
https://item.jd.com/100034107873.html,100034107873,678.00,择思达,择思达 10mg*7粒,LILLY DEL CARIBE Inc/包装厂 LILLY S.A.,盐酸托莫西汀胶囊,10mg*7粒*6盒,国药准字HJ20160109,胶囊剂
https://item.jd.com/100038834773.html,100038834773,19.80,百灵鸟,百灵鸟奥美拉唑肠溶胶囊,江苏鹏鹞药业有限公司,奥美拉唑肠溶胶囊,20mg*24粒,国药准字H20059140,胶囊剂
https://item.jd.com/100027803903.html,100027803903,42.90,硬核医生,硬核医生复方酮康唑发用洗剂,湖北人福成田药业有限公司,复方酮康唑发用洗剂,75ml/支/盒,国药准字H20043567,洗剂
https://item.jd.com/100025489727.html,100025489727,13.80,马应龙,马应龙地塞米松磷酸钠滴眼液,新乡华青药业有限公司,地塞米松磷酸钠滴眼液,5ml：1.25mg*5ml,国药准字H19983005,滴眼剂
https://item.jd.com/100008343323.html,100008343323,26.50,同仁堂（TRT）,同仁堂大山楂颗粒,北京同仁堂天然药物（唐山)有限公司,大山楂颗粒,15克*6袋,国药准字Z13020647,颗粒剂
https://item.jd.com/100022807256.html,100022807256,3.90,药友,药友芬卡欣 吲达帕胺片 2.5mg*10片*3板,重庆药友制药有限责任公司,吲达帕胺片,2.5mg*10片*3板,国药准字H50021320,片剂
https://item.jd.com/100037773343.html,100037773343,129.00,修正,修正他达拉非片,山东鲁抗医药集团赛特有限责任公司,他达拉非片,20mg*6片,国药准字H20213653,片剂
https://item.jd.com/100052352685.html,100052352685,25.00,莱多菲,莱多菲盐酸非索非那定片,浙江万晟药业有限公司,盐酸非索非那定片,30mg*14片*2板,国药准字H20060150,片剂
https://item.jd.com/100044320062.html,100044320062,15.90,仙琚,仙琚丁酸氢化可的松乳膏,浙江仙琚制药股份有限公司,丁酸氢化可的松乳膏,0.1%*20g,国药准字H20093962,乳膏剂
https://item.jd.com/100033498633.html,100033498633,85.00,爱九,爱九盐酸达泊西汀片 ,江苏联环药业股份有限公司,盐酸达泊西汀片,30mg*3片*3板(薄膜衣),国药准字H20213945,片剂
https://item.jd.com/100020379802.html,100020379802,119.00,胡庆余堂,胡庆余堂五子衍宗丸,杭州胡庆余堂药业有限公司,五子衍宗丸,每袋装6克，每盒装20袋,国药准字Z33020144,丸剂
https://item.jd.com/100042836392.html,100042836392,180.00,芪明,芪明芪明颗粒,浙江万晟药业有限公司,芪明颗粒,4.5g*21袋,国药准字Z20090036,颗粒剂
https://item.jd.com/100037004789.html,100037004789,45.10,福元,福元盐酸特比萘芬喷雾剂,福元药业有限公司,盐酸特比萘芬喷雾剂,1%*60ml,国药准字H20213015,喷雾剂
https://item.jd.com/100017310618.html,100017310618,6.90,中大,中大清淋颗粒,黑龙江乌苏里江制药有限公司哈尔滨分公司,清淋颗粒,10g*8袋,国药准字Z23021148,颗粒剂
https://item.jd.com/100034547536.html,100034547536,17.30,名草,名草补中益气丸,北京御生堂集团石家庄制药有限公司,补中益气丸,9克*10丸,国药准字Z13021739,丸剂
https://item.jd.com/100036748413.html,100036748413,9.60,博祥,博祥养血当归糖浆,吉林省通化博祥药业股份有限公司,养血当归糖浆,10ml*12支/盒,国药准字Z22026145,糖浆剂
https://item.jd.com/7129776.html,7129776,45.00,乐家老铺,乐家老铺南京同仁堂 六味地黄丸（浓缩丸）300丸,南京同仁堂药业有限责任公司,六味地黄丸（浓缩丸）,300丸,国药准字Z20043363,丸剂
https://item.jd.com/100036076738.html,100036076738,10.00,葵花,葵花阿昔洛韦乳膏,福建太平洋制药有限公司,阿昔洛韦乳膏,3%*15克,国药准字H20063676,乳膏剂
https://item.jd.com/100023979732.html,100023979732,21.00,葵花,葵花曲安奈德益康唑乳膏,福建太平洋制药有限公司,曲安奈德益康唑乳膏,21克,国药准字H20064180,乳膏剂
https://item.jd.com/100006472437.html,100006472437,10.90,恩威,恩威小儿氨酚黄那敏颗粒12袋/盒,四川恩威制药有限公司,小儿氨酚黄那敏颗粒,12袋,国药准字H51023348,颗粒剂
https://item.jd.com/100008803825.html,100008803825,5.40,恒久远,恒久远硫软膏,新乡华青药业有限公司,硫软膏,10%10g,国药准字H41023974,软膏剂
https://item.jd.com/100017419528.html,100017419528,29.60,石四药,石四药参乌健脑胶囊,石家庄四药有限公司,参乌健脑胶囊,0.3g*18s/板*2板,国药准字Z13021850,胶囊剂
https://item.jd.com/100046844957.html,100046844957,25.00,东泰,东泰盆炎净胶囊,陕西东泰制药有限公司,盆炎净胶囊,0.5g*3*12粒,国药准字Z20050614,胶囊剂
https://item.jd.com/100040971553.html,100040971553,39.90,马休医生,马休医生牙痛药水,广西慧宝源医药科技有限公司,牙痛药水,5毫升/瓶*5瓶,国药准字Z45020850,酊剂
https://item.jd.com/100024033422.html,100024033422,25.00,益口佳,益口佳丁硼乳膏,浙江一新制药股份有限公司,丁硼乳膏,65g,国药准字H33022343,软膏剂
https://item.jd.com/100008899735.html,100008899735,29.80,兴齐,兴齐氧氟沙星滴眼液,浙江莎普爱思药业股份有限公司,氧氟沙星滴眼液,0.4ml：1.2㎎（0.3%）* 0.4ml*15支,国药准字H20123454,滴眼剂
https://item.jd.com/100051436843.html,100051436843,22.00,隆顺榕,隆顺榕藿香正气水,津药达仁堂集团股份有限公司隆顺榕制药厂,藿香正气水,10ml*6支/盒,国药准字Z12020249,酊剂
https://item.jd.com/100043551696.html,100043551696,19.00,同仁堂（TRT）,同仁堂赤小豆 ,北京同仁堂(安国)中药饮片有限责任公司,赤小豆,300g,无,-
https://item.jd.com/100023239089.html,100023239089,1729.90,维格定,维格定氨己烯酸口服溶液用散,Catalent Germany Schorndorf GmbH/分包装江苏万邦生化医药集团有限责任公司,氨己烯酸口服溶液用散,500mg*30袋/盒,国药准字HJ20210049,散剂
https://item.jd.com/100032911936.html,100032911936,109.00,肤纯（FUCHUN）,肤纯肤纯壬二酸修护乳,-,-,-,-,-
https://item.jd.com/100034903726.html,100034903726,89.00,青春宝,青春宝益母草颗粒,正大青春宝药业有限公司,益母草颗粒,5g*24袋(无糖型),国药准字Z33020002,颗粒剂
https://item.jd.com/100010973517.html,100010973517,29.00,泉能,泉能他达拉非片,南京正大天晴制药有限公司,他达拉非片,20mg*1片*1板,国药准字H20193187,片剂
https://item.jd.com/100046144752.html,100046144752,6.60,迪赛,迪赛替米沙坦片,西安迪赛生物药业有限责任公司,替米沙坦片,20mg*30片,国药准字H20040379,片剂
https://item.jd.com/100034859922.html,100034859922,24.50,仁和,仁和健脑灵片,洛阳伊龙药业有限公司,健脑灵片,0.26gx48片,国药准字Z41020196,片剂
https://item.jd.com/100021997573.html,100021997573,99.00,有时力,有时力六味防脱生发酊,百花医药集团股份有限公司,六味防脱生发酊,60毫升/瓶*1瓶/盒,国药准字B20020156,酊剂
https://item.jd.com/100052103693.html,100052103693,250.00,扬子江龙凤堂,扬子江龙凤堂阿胶珠,扬子江药业集团江苏龙凤堂中药有限公司,阿胶珠,3g*5袋*3盒,无,-
https://item.jd.com/100053370705.html,100053370705,18.00,福元,福元瑞舒伐他汀钙片,北京福元医药股份有限公司,瑞舒伐他汀钙片,5mg*20片,国药准字H20203080,片剂
https://item.jd.com/100051060589.html,100051060589,58.00,康婷,康婷克拉霉素缓释胶囊,广州柏赛罗药业有限公司,克拉霉素缓释胶囊,0.25g*8粒/盒,国药准字H20051661,胶囊剂
https://item.jd.com/100015939715.html,100015939715,19.40,济悦,济悦盐酸托哌酮胶囊,济川药业集团有限公司,盐酸托哌酮胶囊,50mg*12粒*2板,国药准字H32025589,胶囊剂
https://item.jd.com/100015317214.html,100015317214,35.90,法迪,法迪米格列奈钙片,正大天晴药业集团股份有限公司,米格列奈钙片,5mg*36片,国药准字H20080572,片剂
https://item.jd.com/100032089512.html,100032089512,43.20,信邦,信邦贞芪扶正胶囊,贵州信邦制药股份有限公司,贞芪扶正胶囊,0.35g*48粒,国药准字Z20013244,胶囊剂
https://item.jd.com/100031290132.html,100031290132,8.00,唐王,唐王六味地黄丸,陕西唐王天洋制药有限公司,六味地黄丸,200丸,国药准字Z61020673,丸剂
https://item.jd.com/100038660073.html,100038660073,15.00,欣他,欣他苯磺酸左氨氯地平片,海南先声药业有限公司,苯磺酸左氨氯地平片,2.5mg*14片,国药准字H20093088,片剂
https://item.jd.com/100034158842.html,100034158842,33.00,明仁,明仁颈痛颗粒,山东明仁福瑞达制药股份有限公司,颈痛颗粒,4g*6袋,国药准字Z19991024,颗粒剂
https://item.jd.com/6373128.html,6373128,47.00,德衆（DEZHONG）,德衆养血生发胶囊,国药集团德众（佛山）药业有限公司,养血生发胶囊,0.5g*30粒,国药准字Z44021594,胶囊剂
https://item.jd.com/100018280941.html,100018280941,55.80,仁和,仁和元七骨痛酊,湖南方盛制药股份有限公司,元七骨痛酊,50ml,国药准字Z20093025,酊剂
https://item.jd.com/100020972420.html,100020972420,4.50,科田,科田复方醋酸地塞米松乳膏,湖北科田药业有限公司,复方醋酸地塞米松乳膏,20克：15毫克*20克,国药准字H42022588,乳膏剂
https://item.jd.com/100025557600.html,100025557600,10.00,孔孟,孔孟芎菊上清丸（水丸）,山东孔圣堂制药有限公司,芎菊上清丸（水丸）,6g*10袋,国药准字Z19993365,丸剂
https://item.jd.com/100034514715.html,100034514715,26.00,强身,强身通脉口服液,强身药业（吉林）有限公司,通脉口服液,10ml/支*10支/盒,国药准字Z20054988,口服液剂
https://item.jd.com/100010542835.html,100010542835,2518.00,瑞万托,瑞万托枸橼酸西地那非片,Fareva Amboise,枸橼酸西地那非片,20mg*15片*6板,进口药品注册证号：H20200002,片剂
https://item.jd.com/100046552587.html,100046552587,36.00,倍悦,倍悦厄贝沙坦氢氯噻嗪片,浙江华海药业股份有限公司,厄贝沙坦氢氯噻嗪片,150mg：12.5mg*30片,国药准字H20058709,片剂
https://item.jd.com/7686325.html,7686325,65.00,天晴速乐,天晴速乐18μg*10粒,正大天晴药业集团股份有限公司,噻托溴铵粉雾剂,18μg*10s,国药准字H20060454,粉雾剂
https://item.jd.com/100038197504.html,100038197504,44.00,沙溪,沙溪沙溪凉茶,广东沙溪制药有限公司,沙溪凉茶,1.8g*10袋,国药准字Z44023694,茶剂
https://item.jd.com/100025570693.html,100025570693,68.90,太极,太极葡萄糖酸钙片 ,西南药业股份有限公司,葡萄糖酸钙片,0.5g*10片*5板,国药准字H50020034,片剂
https://item.jd.com/100037912680.html,100037912680,186.00,康普,康普补肾益寿片,康普药业股份有限公司,补肾益寿片,0.4g*90片*2瓶,国药准字Z20060306,片剂
https://item.jd.com/100028270579.html,100028270579,62.80,康复定,康复定三磷酸腺苷二钠片,广东香山堂药业有限公司委托广东香山堂制药有限公司生产,三磷酸腺苷二钠片,20mg*100片/瓶,国药准字H44024788,片剂
https://item.jd.com/100023785879.html,100023785879,368.00,美乐力,美乐力磷霉素氨丁三醇颗粒,Zambon Switzerland Ltd,磷霉素氨丁三醇颗粒,3g（300万单位）*1包,H20140127,颗粒剂
https://item.jd.com/100038549369.html,100038549369,99.00,普康,普康牡蛎碳酸钙胶囊,上海普康药业有限公司,牡蛎碳酸钙胶囊,100mg*90粒/盒,国药准字H31022312,胶囊剂
https://item.jd.com/100029144230.html,100029144230,7.50,金石,金石复方卡托普利片,国药集团汕头金石制药有限公司,复方卡托普利片,100片,国药准字H44021055,片剂
https://item.jd.com/100018474524.html,100018474524,42.90,金诃,金诃二十五味珍珠丸,金诃藏药股份有限公司,二十五味珍珠丸,0.25g*10丸,国药准字Z63020061,丸剂
https://item.jd.com/100008298843.html,100008298843,20.90,苏中,苏中坎地沙坦酯胶囊,江苏苏中药业集团股份有限公司,坎地沙坦酯胶囊,4mg*14粒,国药准字H20051193,胶囊剂
https://item.jd.com/100024311738.html,100024311738,7.50,美福临,美福临暖胃舒乐片,吉林省俊宏药业有限公司,暖胃舒乐片,15片*2板,国药准字Z22022702,片剂
https://item.jd.com/100017033187.html,100017033187,23.92,百灵鸟,百灵鸟 铝碳酸镁咀嚼片,北京京丰制药集团有限公司,铝碳酸镁咀嚼片,0.5g*15片*2板/盒,国药准字H20093606,片剂
https://item.jd.com/100022208045.html,100022208045,62.00,同型乐维,同型乐维叶酸片,山东鑫惠药业有限公司,叶酸片,0.4mg*31片,国药准字H20194058,片剂
https://item.jd.com/100009453809.html,100009453809,16.00,康普,康普盐酸氯丙嗪片,常州康普药业有限公司,盐酸氯丙嗪片,25mg*100片,国药准字H32022161,片剂
https://item.jd.com/100023677851.html,100023677851,98.00,邦廸（BAND-AID）,邦廸透明防水创可贴,上海强生有限公司,透明防水创可贴,63mm*25mm*5片*20包,沪械注准20212140016,贴剂
https://item.jd.com/100027803935.html,100027803935,899.00,吉月,吉月马来酸阿法替尼片,正大天晴药业集团股份有限公司,马来酸阿法替尼片,30mg*7片,国药准字H20203715,片剂
https://item.jd.com/100018733249.html,100018733249,23.90,万全,万全盐酸安非他酮片,万特制药（海南）有限公司,盐酸安非他酮片,75㎎*7片*2板/盒,国药准字H20070209,片剂
https://item.jd.com/100022594613.html,100022594613,98.00,圣博康,圣博康多维元素分散片（21）,浙江圣博康药业有限公司,多维元素分散片（21）,60片,国药准字H20070273,片剂
https://item.jd.com/2943828.html,2943828,199.00,同仁堂（TRT）,同仁堂30粒*100袋,北京同仁堂科技发展股份有限公司制药厂,仁丹,30粒*100袋,国药准字Z11020497,丸剂
https://item.jd.com/100020344831.html,100020344831,68.00,同仁堂,同仁堂通脉口服液,北京同仁堂科技发展股份有限公司制药厂,通脉口服液,10毫升*10支,国药准字Z11020365,合剂（含口服液）
https://item.jd.com/100030966200.html,100030966200,20.00,金汇,金汇益肾康胶囊,通化金汇药业股份有限公司,益肾康胶囊,0.3g*10粒*3板/盒,国药准字Z20026762,胶囊剂
https://item.jd.com/100018884273.html,100018884273,42.30,泰华堂（taihuatang）,泰华堂加味逍遥口服液,四川泰华堂制药有限公司,加味逍遥口服液,10ml*6支,国药准字Z10950070,合剂
https://item.jd.com/100033394538.html,100033394538,358.00,泰华堂（taihuatang）,泰华堂阿胶当归口服液,四川泰华堂制药有限公司,阿胶当归口服液,15ml×48支,国药准字Z20055046,合剂
https://item.jd.com/100024141665.html,100024141665,39.00,健美滋,健美滋乳果糖口服溶液,江西海尔思药业股份有限公司,乳果糖口服溶液,10ml：5g*10ml*10支,国药准字H10890057,溶液剂
https://item.jd.com/100020344933.html,100020344933,51.00,润家,润家 复方北豆根氨酚那敏片,江西和明制药有限公司,复方北豆根氨酚那敏片,36片/盒,国药准字H36021959,片剂
https://item.jd.com/100028120613.html,100028120613,67.80,威适（VERSER）,威适参茸鞭丸,大连辉仁制药有限公司,参茸鞭丸,30丸/板*5板/盒,国药准字Z21021574,丸剂
https://item.jd.com/100045421465.html,100045421465,13.10,三零饮帝,三零饮帝净山楂,安国润德药业有限公司,净山楂,60g,无,-
https://item.jd.com/100032524262.html,100032524262,106.00,鲁南,鲁南当归调经颗粒,鲁南厚普制药有限公司,当归调经颗粒,10g*10袋,国药准字Z37020371,颗粒剂
https://item.jd.com/100053258227.html,100053258227,25.00,福元,福元塞来昔布胶囊,北京福元医药股份有限公司,塞来昔布胶囊,0.2g*14粒,国药准字H20213033,胶囊剂
https://item.jd.com/100028494265.html,100028494265,15.80,禾沐康,禾沐康硝苯地平缓释片(Ⅱ),德州博诚制药有限公司,硝苯地平缓释片(Ⅱ),20mg*12片*5板/盒,国药准字H20083275,片剂
https://item.jd.com/100020729661.html,100020729661,58.00,安友,安友那如三味丸 ,内蒙古库伦蒙药有限公司,那如三味丸,10粒*2板,国药准字Z15020288,丸剂
https://item.jd.com/100039810703.html,100039810703,37.80,马休医生,马休医生复方酮康唑发用洗剂 ,上海宝龙药业股份有限公司,复方酮康唑发用洗剂,55ML/支,国药准字H20044935,洗剂
https://item.jd.com/100024271839.html,100024271839,39.80,维和,维和黄藤素片,云南维和药业股份有限公司,黄藤素片,0.1g*20片,国药准字Z53021476,片剂
https://item.jd.com/4690120.html,4690120,599.00,交宁,交宁替莫唑胺胶囊,北京双鹭药业股份有限公司,替莫唑胺胶囊,20mg*10粒,国药准字H20110153,胶囊剂
https://item.jd.com/8671236.html,8671236,898.00,同仁堂（TRT）,同仁堂鹿角胶 6g*18块 温补肝肾益精养血 血虚头晕腰膝酸冷虚劳消瘦,北京同仁堂科技发展股份有限公司制药厂委托北京同仁堂（唐山）营养保健品有限公司生产,鹿角胶,6g*18块,国药准字Z11020628,胶剂
https://item.jd.com/100046992639.html,100046992639,6.00,神农虎,神农虎麝香壮骨膏,黄石卫生材料药业有限公司,麝香壮骨膏,6.5cm*10cm*5贴,国药准字Z42021305,贴膏剂
https://item.jd.com/100017140780.html,100017140780,22.00,力哥,力哥参茸壮骨丸,吉林省抚松制药股份有限公司,参茸壮骨丸,36丸,国药准字Z22024333,丸剂
https://item.jd.com/100020077861.html,100020077861,15.00,仁和,仁和奥沙普秦胶囊,仁和堂药业有限公司,奥沙普秦胶囊,0.2g*8粒,国药准字H19990208,胶囊剂
https://item.jd.com/100037996920.html,100037996920,15.10,倍特,倍特奥美沙坦酯片,成都倍特药业股份有限公司,奥美沙坦酯片,20mg*7片,国药准字H20203644,片剂
https://item.jd.com/100035432054.html,100035432054,7.00,维威,维威汉桃叶片,广西维威制药有限公司,汉桃叶片,0.32克*24片,国药准字Z45021842,片剂
https://item.jd.com/100041733429.html,100041733429,8.50,赫阳,赫阳清脑降压片,吉林省华侨药业集团有限公司,清脑降压片,18片*3板/盒,国药准字Z22020932,片剂
https://item.jd.com/100012912293.html,100012912293,148.00,力美坚,力美坚他达拉非片,远大医药（中国）有限公司,他达拉非片,5mg*7片,国药准字H20213418,片剂
https://item.jd.com/100024504968.html,100024504968,88.00,力美坚,力美坚他达拉非片,远大医药（中国）有限公司,他达拉非片,5mg*4片,国药准字H20213418,片剂
https://item.jd.com/100036087973.html,100036087973,16.00,华西牌,华西牌通窍鼻炎胶囊,四川川大华西药业股份有限公司,通窍鼻炎胶囊,0.4g*10粒/板*3板/盒,国药准字Z10970118,胶囊剂
https://item.jd.com/100031033956.html,100031033956,4.00,梁湖（LIANG HU）,梁湖八珍益母丸,湖北瑞华制药有限责任公司,八珍益母丸,200丸,国药准字Z42021289,丸剂
https://item.jd.com/100034250042.html,100034250042,9.90,沃华,沃华牛黄益金片,山东沃华医药科技股份有限公司,牛黄益金片,0.5克*12片*3板,国药准字Z20033150,片剂
https://item.jd.com/100019778299.html,100019778299,8.90,迪沙,迪沙盐酸二甲双胍片,迪沙药业集团有限公司,盐酸二甲双胍片,0.25g/片*12片/板*4板/盒,国药准字H20103615,片剂
https://item.jd.com/100037261083.html,100037261083,128.00,柏愈（BAIYU）,柏愈熊胆粉,四川省新鹿药业有限公司,熊胆粉,0.1g*7瓶,国药准字Z10970087,散剂
https://item.jd.com/100041756430.html,100041756430,680.00,达仁堂,达仁堂益肺清化膏,津药达仁堂集团股份有限公司达仁堂制药厂,益肺清化膏,120g*2瓶/盒,国药准字Z10950073,煎膏剂
https://item.jd.com/100008611645.html,100008611645,1406.00,正大天晴,正大天晴醋酸阿比特龙片,正大天晴药业集团股份有限公司委托正大天晴药业集团南京顺欣制药有限公司（原：正大天晴药业集团南京顺欣制药有限公司）；,醋酸阿比特龙片,0.25g*60片,国药准字H20193207,片剂
https://item.jd.com/100029025815.html,100029025815,68.00,德商,德商甲硝维参阴道泡腾片,吉林省德商药业股份有限公司,甲硝维参阴道泡腾片,7片/板*2板/盒,国药准字H22024172,片剂
https://item.jd.com/100048676327.html,100048676327,60.00,百适可,草酸艾司西酞普兰片,山东京卫制药有限公司,草酸艾司西酞普兰片,5mg*20片,国药准字H20080599,片剂
https://item.jd.com/100032945742.html,100032945742,48.00,可立平,可立平非洛地平片,杭州苏泊尔南洋药业有限公司,非洛地平片,2.5mg*12片*4板,国药准字H20064340,片剂
https://item.jd.com/100035432136.html,100035432136,39.60,丽芙,丽芙甲硝唑凝胶+阿达帕林凝胶,江苏知原药业股份有限公司/武汉诺安药业有限公司,甲硝唑凝胶/阿达帕林凝胶,（20g：0.15g）*20g / 0.1%（30g：30mg）*16g/盒,国药准字H10980213/国药准字H20173406,凝胶剂
https://item.jd.com/100020031607.html,100020031607,30.50,德济,德济骨刺消痛胶囊,吉林省松辽制药有限公司,骨刺消痛胶囊,0.3g*12粒*3板,国药准字Z20055543,胶囊剂
https://item.jd.com/100013775004.html,100013775004,99.00,九芝堂,九芝堂生发丸,成都九芝堂金鼎药业有限公司,生发丸,6g/袋*12袋/盒,国药准字Z51022573,丸剂
https://item.jd.com/100026414751.html,100026414751,9.70,唐龙,唐龙润肠丸（浓缩丸）,兰州太宝制药有限公司,润肠丸（浓缩丸）,48粒*4板,国药准字Z62021308,丸剂
https://item.jd.com/100025148170.html,100025148170,79.00,万通,万通关黄母颗粒,通化万通药业股份有限公司,关黄母颗粒,9g*10袋/盒,国药准字Z20180001,颗粒剂
https://item.jd.com/100035647836.html,100035647836,118.00,雷氏,雷氏大补阴丸,上海雷允上封浜制药有限公司,大补阴丸,6g*9瓶,国药准字Z31020385,丸剂
https://item.jd.com/100015099260.html,100015099260,38.00,正大天晴,正大天晴卡培他滨片,正大天晴药业集团股份有限公司,卡培他滨片,0.5g*12片,国药准字H20143044,片剂
https://item.jd.com/100026333310.html,100026333310,71.50,南洋,南洋克霉唑阴道片,浙江苏可安药业有限公司（原杭州苏泊尔南洋药业有限公司）,克霉唑阴道片,0.5g*2片*4盒,国药准字H20084045,片剂
https://item.jd.com/100020910036.html,100020910036,298.00,星鲨,星鲨维生素D滴剂 （胶囊型）,国药控股星鲨制药(厦门)有限公司,维生素D滴剂,400IU*12粒*3板*10盒,国药准字H35021450,滴剂
https://item.jd.com/100009402383.html,100009402383,27.00,华海,华海利培酮分散片,浙江华海药业股份有限公司,利培酮分散片,1mg*30片,国药准字H20130050,片剂
https://item.jd.com/8180482.html,8180482,19.00,本草綱目（HERBALPEDIA 1518）,本草綱目六味地黄丸,李时珍医药集团有限公司,六味地黄丸,60g,国药准字Z42020443,丸剂
https://item.jd.com/3195820.html,3195820,19.80,伊人,伊人50ml*6瓶,江苏晨牌邦德药业有限公司,甲硝唑氯己定洗剂,50ml*6,国药准字H20033830,洗剂
https://item.jd.com/100028494275.html,100028494275,20.80,百思特,百思特聚乙烯醇滴眼液,南京瑞年百思特制药有限公司,聚乙烯醇滴眼液,1.4%（0.4毫升：5.6毫克），0.4毫升*10支，,国药准字H20183006,眼用制剂
https://item.jd.com/100029589550.html,100029589550,22.00,立效,立效田七痛经胶囊,山西华康药业股份有限公司,田七痛经胶囊,0.4g*10粒*2板,国药准字Z14020029,胶囊剂
https://item.jd.com/100051234613.html,100051234613,39.90,碑林,碑林小儿咳喘颗粒,西安碑林药业股份有限公司,小儿咳喘颗粒,6g/袋*6袋/盒,国药准字Z61020026,颗粒剂
https://item.jd.com/100011855767.html,100011855767,24.90,HEYBRO,HEYBRO他达拉非片5mg,广东东阳光药业有限公司,他达拉非片,5mg*2片,国药准字H20203624,片剂
https://item.jd.com/100038596068.html,100038596068,12.80,太平,太平白花油,福建太平洋制药有限公司,白花油,3ml/盒,国药准字Z35020455,搽剂
https://item.jd.com/100007727424.html,100007727424,87.40,达克宁,达克宁盐酸特比萘芬喷雾剂 30ml+硝酸咪康唑散 40g,山东京卫制药有限公司/西安杨森制药有限公司,盐酸特比萘芬喷雾剂/硝酸咪康唑散,1%30ml/1克：20毫克*40g,国药准字H20113280/国药准字H10930213,其他
https://item.jd.com/100029123102.html,100029123102,63.00,药王孙真人,药王孙真人保和丸（浓缩丸）,河南济世药业有限公司,保和丸（浓缩丸）,480丸,国药准字Z41020159,丸剂
https://item.jd.com/100034903680.html,100034903680,8.00,仁源堂,仁源堂肤痒颗粒,山西仁源堂药业有限公司,肤痒颗粒,9g*9袋,国药准字Z14021635,颗粒剂
https://item.jd.com/100036638661.html,100036638661,27.00,紫琉璃,紫琉璃天麻胶囊,吉林省康福药业有限公司,天麻胶囊,0.25g*100粒,国药准字Z22023566,胶囊剂
https://item.jd.com/100033247743.html,100033247743,36.00,同仁堂（TRT）,同仁堂艾绒,北京同仁堂(安国)中药饮片有限责任公司,艾绒,14.5g*10支,无,-
https://item.jd.com/100024760985.html,100024760985,8.90,益达明,益达明复方门冬维甘滴眼液,河北医科大学制药厂,复方门冬维甘滴眼液,10毫升/支,国药准字H20084001,眼用制剂
https://item.jd.com/8392575.html,8392575,20.00,本草綱目（HERBALPEDIA 1518）,本草綱目补中益气丸,李时珍医药集团有限公司,补中益气丸（水丸）,60g,国药准字Z42020428,丸剂
https://item.jd.com/8770479.html,8770479,17.10,本草綱目（HERBALPEDIA 1518）,本草綱目知柏地黄丸,李时珍医药集团有限公司,知柏地黄丸,60g,国药准字Z42020442,丸剂
https://item.jd.com/100038834735.html,100038834735,15.00,再佳,再佳单硝酸异山梨酯缓释片,南京臣功制药股份有限公司,单硝酸异山梨酯缓释片,60mg*10片,国药准字H20010247,片剂
https://item.jd.com/4744014.html,4744014,78.00,同仁堂（TRT）,同仁堂风湿关节酒,北京同仁堂股份有限公司同仁堂药酒厂,风湿关节酒,300ml,国药准字Z11020458,酒剂
https://item.jd.com/100014950237.html,100014950237,90.00,林海,林海归龙筋骨宁片,吉林省抚松制药股份有限公司,归龙筋骨宁片,0.25g*12片*2板*3小盒,国药准字Z20026141,片剂
https://item.jd.com/100017145829.html,100017145829,28.00,晶珠,晶珠鹿茸口服液,青海晶珠藏药高新技术产业股份有限公司,鹿茸口服液,10ml*12支,国药准字Z20053899,合剂
https://item.jd.com/3360342.html,3360342,178.00,同仁堂（TRT）,同仁堂3盒,北京同仁堂股份有限公司同仁堂制药厂,益肾兴阳胶囊,0.48g *20粒*3盒,国药准字Z20003315,胶囊剂
https://item.jd.com/100008322787.html,100008322787,21.50,昆中药,昆中药六味地黄丸,昆明中药厂有限公司,六味地黄丸,6g*20袋/盒,国药准字Z53020883,丸剂
https://item.jd.com/100037677336.html,100037677336,86.20,闪康,闪康泮托拉唑钠肠溶胶囊,上海爱的发制药有限公司,泮托拉唑钠肠溶胶囊,40mg*10粒,国药准字H20093733,胶囊剂
https://item.jd.com/100031597734.html,100031597734,9.00,玉屏山,玉屏山鼻渊片,广西万寿堂药业有限公司,鼻渊片,18片*3板/盒,国药准字Z45020743,片剂
https://item.jd.com/100015601931.html,100015601931,6.50,通园,通园健儿消食口服液,四川省通园制药集团有限公司,健儿消食口服液,10ml*6支,国药准字Z51021818,合剂
https://item.jd.com/100012217304.html,100012217304,25.00,众生,众生明目地黄胶囊,广东众生药业股份有限公司,明目地黄胶囊,0.5g*30s,国药准字Z20050408,-
https://item.jd.com/100023877332.html,100023877332,396.00,同仁堂（TRT）,同仁堂阳春口服液,北京同仁堂科技股份有限公司制药厂,阳春口服液,10ml*18支,国药准字Z11020626,合剂
https://item.jd.com/100029869188.html,100029869188,123.00,白云山,白云山康寿丸,广州白云山敬修堂药业股份有限公司,康寿丸,40克*2瓶,国药准字Z44020922,丸剂
https://item.jd.com/100011340931.html,100011340931,33.00,药王孙真人,药王孙真人香砂养胃丸（浓缩丸）,河南省济源市济世药业有限公司,香砂养胃丸（浓缩丸）,360丸,国药准字Z41020151,丸剂
https://item.jd.com/100009081784.html,100009081784,118.50,艾舒,艾舒右美沙芬愈创甘油醚糖浆,上海强生制药有限公司,右美沙芬愈创甘油醚糖浆,150ml*3盒,国药准字H20143186,糖浆剂
https://item.jd.com/100019847453.html,100019847453,12.00,仁源堂,仁源堂胃康灵胶囊,山西仁源堂药业有限公司,胃康灵胶囊,0.4g*12粒*3板,国药准字Z14021659,胶囊剂
https://item.jd.com/100025229021.html,100025229021,270.00,胃仙U（WEISEN-U）,胃仙U复方维生素U片,正美药品有限公司,复方维生素U片,30片/瓶/盒*5盒,国药准字HC20202000,片剂
https://item.jd.com/100013600472.html,100013600472,18.80,九芝堂,九芝堂保和丸,九芝堂股份有限公司,保和丸,0.2g*200丸/瓶,国药准字Z20023403,丸剂
https://item.jd.com/100029219806.html,100029219806,76.00,同仁堂,同仁堂冠心安口服液,北京同仁堂科技发展股份有限公司制药厂,冠心安口服液,10ml*10支,国药准字Z11020362,其他
https://item.jd.com/100022333706.html,100022333706,38.00,汇仁,汇仁盐酸达泊西汀片,厦门力卓药业有限公司,盐酸达泊西汀片,30mg*2片,国药准字H20213156,片剂
https://item.jd.com/100020084890.html,100020084890,34.90,金诃,金诃风湿塞隆胶囊,金诃藏药股份有限公司,风湿塞隆胶囊,0.3g*20粒/盒,国药准字Z20026097,胶囊剂
https://item.jd.com/100027708477.html,100027708477,88.00,雄狮,雄狮巴戟补肾丸,广东联康药业有限公司,巴戟补肾丸,9g/袋*12袋,国药准字Z44022996,丸剂
https://item.jd.com/4508286.html,4508286,37.00,唐释,唐释格列喹酮分散片 30mg*12片*3板,江苏万高药业股份有限公司,格列喹酮分散片,30mg*12片*3板,国药准字H20080726,口服散剂
https://item.jd.com/100013112120.html,100013112120,22.00,仁和,仁和二甲双胍格列本脲片（I）,烟台东诚大洋制药有限公司,二甲双胍格列本脲片（I）,24片/盒,国药准字H20051015,片剂
https://item.jd.com/100020082688.html,100020082688,155.00,桑海,桑海肾宝胶囊,江西南昌桑海制药有限责任公司,肾宝胶囊,0.5g*10粒*18板,国药准字Z20090387,胶囊剂
https://item.jd.com/100024171301.html,100024171301,159.00,金诃,金诃舒更胶囊,金诃藏药股份有限公司,舒更胶囊,0.3克*12粒*3板*2小盒,国药准字Z20026473,胶囊剂
https://item.jd.com/100019847321.html,100019847321,36.00,迪沙,迪沙二甲双胍格列吡嗪片（Ⅱ）,迪沙药业集团有限公司,二甲双胍格列吡嗪片Ⅱ,8片/板*2板/盒,国药准字H20120085,片剂
https://item.jd.com/100035647882.html,100035647882,13.50,诚志,诚志化积口服液,江西诚志永丰药业有限责任公司,化积口服液,10ml*6支,国药准字Z36020336,合剂
https://item.jd.com/100029449830.html,100029449830,25.50,同仁堂（TRT）,同仁堂大山楂颗粒,北京同仁堂天然药物(唐山)有限公司,大山楂颗粒,15g*6袋,国药准字Z13020647,颗粒剂
https://item.jd.com/100040219300.html,100040219300,649.00,真奥,真奥豨蛭络达胶囊,河北百善药业有限公司,豨蛭络达胶囊,0.3g*36粒/板*2板,国药准字Z20000086,胶囊剂
https://item.jd.com/100037990745.html,100037990745,11.00,欣洛达,欣洛达清脑降压片,吉林亚泰永安堂药业有限公司,清脑降压片,18片*3板,国药准字Z22022118,片剂
https://item.jd.com/100015119955.html,100015119955,9.00,岷州,岷州杜仲壮骨胶囊,甘肃岷海制药有限责任公司,杜仲壮骨胶囊,0.5g*10粒*2板/盒,国药准字Z62021048,胶囊剂
https://item.jd.com/6238383.html,6238383,9.00,仁源堂（RENYUANTANG）,仁源堂骨刺平片,山西仁源堂药业有限公司,骨刺平片,0.25g*12片*5板,国药准字Z14020590,片剂
https://item.jd.com/100018474540.html,100018474540,38.90,金诃,金诃八味沉香丸,金诃藏药股份有限公司,八味沉香丸,0.3g*24丸/盒,国药准字Z63020049,丸剂
https://item.jd.com/100020105950.html,100020105950,37.50,昆中药,昆中药百宝丹搽剂,昆明中药厂有限公司,百宝丹搽剂,每瓶装30ml，1瓶/盒,国药准字Z20026324,其他
https://item.jd.com/100036077992.html,100036077992,25.00,凤凰城,凤凰城益母草颗粒,山东凤凰制药股份有限公司,益母草颗粒,15g*10袋,国药准字Z37020360,颗粒剂
https://item.jd.com/100007762621.html,100007762621,2800.00,正大天晴,正大天晴醋酸阿比特龙片,正大天晴药业集团股份有限公司委托正大天晴药业集团南京顺欣制药有限公司（原：正大天晴药业集团南京顺欣制药有限公司）,醋酸阿比特龙片,0.25g*120片/瓶,国药准字H20193207,片剂
https://item.jd.com/100007956361.html,100007956361,280.00,达力士,达力士【5盒装】达力士卡泊三醇软膏/15g/0.75mg 寻常型银屑病 皮肤瘙痒牛皮癣红斑止痒鳞屑外用药 ,LEO Laboratories Limited,卡泊三醇软膏,15g：0.75mg*15g*5盒,国药准字HJ20160070,软膏剂
https://item.jd.com/100028225251.html,100028225251,60.80,兴齐,兴齐左氧氟沙星滴眼液,沈阳兴齐眼药股份有限公司,左氧氟沙星滴眼液,0.4ml：1.952mg*0.4ml*10支,国药准字H20203593,滴眼剂
https://item.jd.com/100044977797.html,100044977797,46.60,彼迪,彼迪彼迪 彼司克 奥美拉唑肠溶胶囊 20mg*14粒 用于胃十二指肠溃疡奥美拉挫胃酸,广东彼迪药业有限公司/广东彼迪药业有限公司/石药集团中诺药业（石家庄）有限公司/广东彼迪药业有限公司,奥美拉唑肠溶胶囊/甲硝唑片/阿莫西林胶囊/胶体果胶铋胶囊,20mg*14粒/0.2g*100片/0.25g*50粒*2/50mg*24粒*2,国药准字H44023977/国药准字44021423/国药准字H13023964/国药准字H20059181,其他
https://item.jd.com/100035745620.html,100035745620,39.00,沃华,沃华逍遥丸（水丸）,山东沃华医药科技股份有限公司,逍遥丸（水丸）,9克*20袋,国药准字Z37020087,丸剂
https://item.jd.com/100040357437.html,100040357437,27.00,花红,花红硫酸锌口服溶液,广西壮族自治区花红药业集团股份公司,硫酸锌口服溶液,100ml：0.2g*100ml,国药准字H45020873,溶液剂
https://item.jd.com/100051043647.html,100051043647,53.00,无限能,无限能鱼腥草破壁饮片,普洱淞茂滇草六味制药股份有限公司,鱼腥草破壁饮片,2g/袋*8袋*1盒,无,-
https://item.jd.com/5553051.html,5553051,13.00,仁和,仁和风油精,福建太平洋制药有限公司,风油精,9.3ml*1瓶,国药准字Z35020456,搽剂
https://item.jd.com/100042741856.html,100042741856,47.60,禾沐康,禾沐康茯苓,安徽康和中药科技有限公司,茯苓,0.5kg/袋（统）,无,-
https://item.jd.com/100042204931.html,100042204931,109.00,苏紫堂,苏紫堂红景天粉,安徽康和中药科技有限公司,红景天粉,2g*30袋/盒,无,-
https://item.jd.com/100033466967.html,100033466967,105.00,同仁堂（TRT）,同仁堂红景天 ,北京同仁堂(安国)中药饮片有限责任公司,红景天,100g,无,-
https://item.jd.com/100020254471.html,100020254471,47.30,京可新,京可新匹伐他汀钙分散片,浙江京新药业股份有限公司,匹伐他汀钙分散片,2mg*12片,国药准字H20130115,片剂
https://item.jd.com/100033381555.html,100033381555,56.00,同仁堂（TRT）,同仁堂百合,北京同仁堂(安国)中药饮片有限责任公司,百合,100g/袋,无,-
https://item.jd.com/100015360538.html,100015360538,4580.00,爱博新（IBRANCE）,爱博新哌柏西利胶囊,Pfizer Manufacturing Deutschland GmbH，Betriebsstatte Freiburg,哌柏西利胶囊,125mg*21粒,H20180040,胶囊剂
https://item.jd.com/100054390515.html,100054390515,122.90,丽芙,丽芙阿达帕林凝胶+尿素维E肌肤修护乳液,江苏福邦药业有限公司/上海康美国际生化有限公司,阿达帕林凝胶/尿素维E肌肤修护乳液,0.1% （30g：30mg）*35g/150g,国药准字H20113373/苏G妆网备字201504286,其他
https://item.jd.com/100034547380.html,100034547380,189.00,金诃,金诃六味明目丸,金诃藏药股份有限公司,六味明目丸,0.5g*48丸,国药准字Z20026096,丸剂
https://item.jd.com/100034683968.html,100034683968,89.90,金诃,金诃六味明目丸,金诃藏药股份有限公司,六味明目丸,0.5g*24丸,国药准字Z20026096,丸剂
https://item.jd.com/100052330883.html,100052330883,52.00,禾沐康,禾沐康山药,安徽康和中药科技有限公司,山药,0.5kg/袋（选）,无,-
https://item.jd.com/100020193874.html,100020193874,17.50,昆中药,昆中药益母颗粒,昆明中药厂有限公司,益母颗粒,5克*8袋/盒,国药准字Z53020765,颗粒剂
https://item.jd.com/100016703679.html,100016703679,35.00,克逗,克逗阿达帕林凝胶,江苏福邦药业有限公司,阿达帕林凝胶,0.1%*25g,国药准字H20113373,凝胶剂
https://item.jd.com/100022144781.html,100022144781,52.86,旺龙,旺龙牛黄清胃丸,山西旺龙药业集团有限公司,牛黄清胃丸,6g*10丸,国药准字Z14020526,丸剂
https://item.jd.com/100027565828.html,100027565828,10.00,韩都,韩都通窍鼻炎片,遂成药业股份有限公司（原天津药业集团新郑股份有限公司）,通窍鼻炎片,0.31g*24片,国药准字Z20054741,片剂
https://item.jd.com/100029573560.html,100029573560,7.00,雪藤草,雪藤草暖胃舒乐片,山西仁源堂药业有限公司,暖胃舒乐片,0.25g*12片*3板,国药准字Z14020259,片剂
https://item.jd.com/100026870628.html,100026870628,25.80,永信,永信硝酸咪康唑阴道片,永信药品工业(昆山)股份有限公司,硝酸咪康唑阴道片,0.1g*4片*2板,国药准字H20030405,其他
https://item.jd.com/100036738700.html,100036738700,98.00,美商,美商米诺地尔酊,厦门美商医药有限公司,米诺地尔酊,5%*45ml,国药准字H20103166,酊剂
https://item.jd.com/3546442.html,3546442,9.00,神奇,神奇全天麻胶囊,贵州盛世龙方制药股份有限公司,全天麻胶囊,0.5g*12粒,国药准字Z52020425,胶囊剂
https://item.jd.com/100008252563.html,100008252563,39.90,普润明,普润明氯化钠滴眼液,成都普什制药有限公司,氯化钠滴眼液,10支,国药准字H20203106,其他
https://item.jd.com/6237197.html,6237197,25.00,仁和,仁和辛伐他汀胶囊,厦门力卓药业有限公司,辛伐他汀胶囊,10mg*10粒*2瓶,国药准字H20093998,胶囊剂
https://item.jd.com/100034678082.html,100034678082,17.50,闽海,闽海抗骨增生片,福州闽海药业有限公司,抗骨增生片,12片*4板,国药准字Z35020178,片剂
https://item.jd.com/100009201141.html,100009201141,3890.00,爱博新（IBRANCE）,爱博新哌柏西利胶囊,"Pfizer Manufacturing Deutschland GmbH, Betriebsstatte Freiburg",哌柏西利胶囊,100mg*21粒,H20180042,胶囊剂
https://item.jd.com/100018240505.html,100018240505,588.00,盛动力,盛动力龟鹿二仙膏,湖南千金协力药业有限公司,龟鹿二仙膏,100毫升/2瓶,国药准字Z43020474,煎膏剂
https://item.jd.com/100027088204.html,100027088204,,九华,九华孕康口服液,江西九华药业有限公司,孕康口服液,100ml,国药准字Z10920062,口服液剂
https://item.jd.com/100019216601.html,100019216601,12.60,德济,德济石斛夜光丸,吉林省华侨药业集团有限公司,石斛夜光丸,7.3克/袋*8袋/盒,国药准字Z22023994,丸剂
https://item.jd.com/100009144686.html,100009144686,294.00,良福制药,良福制药艾力可 维A酸片 20mg*10片,山东良福制药有限公司,维A酸片,20mg*10片,国药准字H10970053,片剂
https://item.jd.com/100014111454.html,100014111454,11.00,协和,协和联苯双酯滴丸,北京协和药厂,联苯双酯滴丸,1.5mg*250丸*1瓶,国药准字H11020980,丸剂
https://item.jd.com/100027644868.html,100027644868,99.00,万全,万全盐酸舍曲林片,万特制药(海南)有限公司,盐酸舍曲林片,50mg*7片*3板/盒,国药准字H20080019,片剂
https://item.jd.com/100019482508.html,100019482508,48.70,莫愁,莫愁新清宁胶囊,南京中山制药有限公司,新清宁胶囊,0.3g*12粒*3板,国药准字Z10960003,胶囊剂
https://item.jd.com/100022511460.html,100022511460,28.80,同仁堂（TRT）,同仁堂西黄清醒丸,北京同仁堂股份有限公司同仁堂制药厂,西黄清醒丸,6g*10丸,国药准字Z11020216,丸剂
https://item.jd.com/100052318935.html,100052318935,1125.00,艾迪,艾迪艾诺米替片,江苏艾迪药业股份有限公司,艾诺米替片,30片/瓶,国药准字H20220033,片剂
https://item.jd.com/100020031599.html,100020031599,115.00,莎普爱思,莎普爱思苄达赖氨酸滴眼液,浙江莎普爱思药业股份有限公司,苄达赖氨酸滴眼液,（0.3ml：1.5mg ）0.3ml/支*40支；,国药准字H20163352,其他
https://item.jd.com/100021762486.html,100021762486,20.00,阜药,阜药阿拉坦五味丸,阜新蒙药有限责任公司,阿拉坦五味丸,6g*3瓶,国药准字Z21021225,丸剂
https://item.jd.com/100035927232.html,100035927232,62.22,帝益,帝益消旋山莨菪碱片,江苏天士力帝益药业有限公司,消旋山莨菪碱片,5mg*100片,国药准字H32022563,片剂
https://item.jd.com/100020409673.html,100020409673,248.50,一品红,一品红益气健脾口服液,广州一品红制药有限公司,益气健脾口服液,10ml*18支,国药准字B20020275,合剂
https://item.jd.com/100029362682.html,100029362682,61.00,药王孙真人,药王孙真人知柏地黄丸（浓缩丸）,河南省济源市济世药业有限公司,知柏地黄丸（浓缩丸）,480丸,国药准字Z41020005,丸剂
https://item.jd.com/100033656618.html,100033656618,23.80,泰华堂（taihuatang）,泰华堂藿香正气胶囊,四川泰华堂制药有限公司,藿香正气胶囊,0.25g*12粒,国药准字Z51020023,胶囊剂
https://item.jd.com/3120929.html,3120929,18.50,邦力,邦力15g,重庆华邦制药有限公司,曲安奈德益康唑乳膏,15g,国药准字H20058395,其他
https://item.jd.com/100023990171.html,100023990171,27.80,志得快,志得快小儿热速清糖浆,河南金鸿堂制药有限公司,小儿热速清糖浆,10毫升/支*8支/盒,国药准字Z20000094,糖浆剂
https://item.jd.com/100047751853.html,100047751853,8.50,永吉（yongji）,永吉复合维生素B片,国药集团新疆制药有限公司,复合维生素B片,100片/瓶,国药准字H65020297,片剂
https://item.jd.com/100049160889.html,100049160889,42.70,力唐宁（LingTangNing）,力唐宁伏格列波糖片,石家庄市华新药业有限责任公司,伏格列波糖片,0.2mg*30片,国药准字H20163123,片剂
https://item.jd.com/100022700129.html,100022700129,45.00,扶正,扶正复方梨汁润肺茶,甘肃扶正药业科技股份有限公司,复方梨汁润肺茶,5g*9块,国药准字B20020878,茶剂
https://item.jd.com/100012382642.html,100012382642,588.00,一笑堂,一笑堂鹿角胶,龟鹿药业集团有限公司,鹿角胶,125g/盒,国药准字Z20053963,胶剂
https://item.jd.com/100036638525.html,100036638525,10.50,御室,御室明目地黄丸,承德御室金丹药业有限公司,明目地黄丸,9克*10袋/盒,国药准字Z13022458,丸剂
https://item.jd.com/100006194278.html,100006194278,28.00,云丰,云丰感冒止咳颗粒,云南白药集团股份有限公司,感冒止咳颗粒,每袋装10克*8袋/盒,国药准字Z53021560,颗粒剂
https://item.jd.com/100047751841.html,100047751841,158.00,爽度,爽度他达拉非片,山东鲁抗医药集团赛特有限责任公司,他达拉非片,20mg*1片/板*11板,国药准字H20213653,片剂
https://item.jd.com/100016128819.html,100016128819,61.00,药王孙真人,药王孙真人十全大补丸（浓缩丸）,河南省济源市济世药业有限公司,十全大补丸（浓缩丸）,480丸,国药准字Z41020006,丸剂
https://item.jd.com/100017807427.html,100017807427,33.50,培邦,培邦香砂六君丸,湖北瑞华制药有限责任公司,香砂六君丸,400丸/盒,国药准字Z20184074,丸剂
https://item.jd.com/100025885815.html,100025885815,36.00,太极,太极枸橼酸喷托维林滴丸,西南药业股份有限公司,枸橼酸喷托维林滴丸,25mg*20粒,国药准字H50020179,滴丸剂
https://item.jd.com/100048247143.html,100048247143,99.00,立丞,立丞鼻宁喷雾剂,百花医药集团股份有限公司,鼻宁喷雾剂,10ml/瓶,国药准字Z20025757,喷雾剂
https://item.jd.com/100041418722.html,100041418722,360.00,神助攻,神助攻葡醛内酯片,山东方明药业集团有限公司,葡醛内酯片,0.1g*60片*6瓶,国药准字H37022630,片剂
https://item.jd.com/100019847455.html,100019847455,19.50,叶开泰,叶开泰健民咽喉片,健民集团叶开泰国药(随州)有限公司,健民咽喉片,12片*2板,国药准字Z42021798,片剂
https://item.jd.com/100014091357.html,100014091357,22.50,德济,德济七叶神安片,吉林京辉药业股份有限公司,七叶神安片,20片*3板,国药准字Z20054424,片剂
https://item.jd.com/100032917599.html,100032917599,2020.00,礼来（LILLY）,礼来2mg*28片/盒,Lilly del Caribe， Inc/包装厂Lilly S.A.,巴瑞替尼片,2mg*28片*2,H20190039,片剂
https://item.jd.com/100017796286.html,100017796286,397.00,金戈,金戈枸橼酸西地那非片,广州白云山医药集团股份有限公司白云山制药总厂,枸橼酸西地那非片,0.1g*5粒*1板,国药准字H20173090,片剂
https://item.jd.com/100037258063.html,100037258063,39.00,紫琉璃,紫琉璃头风痛丸,吉林省康福药业有限公司,头风痛丸,8g*10袋,国药准字Z22023152,丸剂
https://item.jd.com/100025329055.html,100025329055,31.70,丽芙,丽芙甲硝唑凝胶+壬二酸净颜凝露,江苏知原药业股份有限公司/江苏知原药业股份有限公司委托上海康美国际生化有限公司生产,甲硝唑凝胶/壬二酸净颜凝露,20g：0.15g*10g*1支/15%*5g*1盒,国药准字H10980213/沪妆20160132,其他
https://item.jd.com/100032560396.html,100032560396,26.80,福元,福元碘酊,福元药业有限公司,碘酊,2%*20ml*10瓶,国药准字H34022472,酊剂
https://item.jd.com/100020729617.html,100020729617,58.00,安友,安友哈敦海鲁木勒十三味丸 ,内蒙古库伦蒙药有限公司,哈敦海鲁木勒十三味丸,30粒*2板,国药准字Z15021060,丸剂
https://item.jd.com/100033466937.html,100033466937,97.20,悦康志德（YUE KANG ZHI DE）,悦康志德西洋参,河北悦康志德药业有限公司,西洋参,50g/瓶,无,-
https://item.jd.com/100015861033.html,100015861033,503.00,丽珠维三联,丽珠维三联枸橼酸铋钾片/替硝唑片/克拉霉素片组合包装 8片/盒 其他管理,丽珠集团丽珠制药厂/丽珠集团丽珠制药厂,枸橼酸铋钾片/替硝唑片/克拉霉素片组合包装/艾普拉唑肠溶片,8片/盒*14盒 / 5mg*6片*3盒,国药准字H10900084/国药准字H10950320/国药准字H10960227/国药准字H20070256,片剂
https://item.jd.com/100028357012.html,100028357012,927.00,丽珠维三联,丽珠维三联枸橼酸铋钾片/替硝唑片/克拉霉素片组合包装 8片/盒,丽珠集团丽珠制药厂,艾普拉唑肠溶片/枸橼酸铋钾片/替硝唑片/克拉霉素片组合包装,5mg*6片*5盒/8片/盒*28盒,国药准字H20070256/国药准字H10900084/国药准字H10950320/国药准字H10960227,片剂
https://item.jd.com/100024177375.html,100024177375,21.50,海王,海王五子衍宗丸,福州海王金象中药制药有限公司,五子衍宗丸,6g*10袋,国药准字Z35020263,丸剂
https://item.jd.com/100051562801.html,100051562801,31.50,润美康医药（MEDI‘CARE）,润美康医药口腔炎喷雾剂,黑龙江天龙药业有限公司,口腔炎喷雾剂,10ml,国药准字Z20044198,喷雾剂
https://item.jd.com/100051435993.html,100051435993,40.50,润美康医药（MEDI‘CARE）,润美康医药口腔炎喷雾剂,黑龙江天龙药业有限公司,口腔炎喷雾剂,20ml,国药准字Z20044198,喷雾剂
https://item.jd.com/100041417376.html,100041417376,36.00,润美康医药（MEDI‘CARE）,润美康医药口腔炎喷雾剂,黑龙江天龙药业有限公司,口腔炎喷雾剂,15ml,国药准字Z20044198,喷雾剂
https://item.jd.com/100044326115.html,100044326115,128.00,硬核医生,硬核医生米诺地尔酊,厦门美商医药有限公司,米诺地尔酊,5％56毫升/瓶,国药准字H20103166,酊剂
https://item.jd.com/100016218382.html,100016218382,3157.00,爱博新（IBRANCE）,爱博新哌柏西利胶囊,"Pfizer Manufacturing Deutschland GmbH, Betriebsstatte Freiburg",哌柏西利胶囊,75mg*21粒,H20180041,胶囊剂
https://item.jd.com/100026232077.html,100026232077,88.00,太极,太极葡萄糖酸钙维D2咀嚼片,西南药业股份有限公司,葡萄糖酸钙维D2咀嚼片,48片,国药准字H50021862,片剂
https://item.jd.com/100036378845.html,100036378845,30.00,云南白药（YUNNANBAIYAO）,云南白药板蓝根颗粒,云南白药集团股份有限公司,板蓝根颗粒,10g*20袋/包,国药准字Z53021572,颗粒剂
https://item.jd.com/100028494267.html,100028494267,1680.00,安博司,安博司吡非尼酮片,北京凯因科技股份有限公司,吡非尼酮片,0.2g*9T*7板,国药准字H20193259,片剂
https://item.jd.com/100024580520.html,100024580520,78.00,九典,九典洛索洛芬钠凝胶贴膏,湖南九典制药股份有限公司,洛索洛芬钠凝胶贴膏,14cm*10cm*1贴*3盒,国药准字H20173272,贴膏剂
https://item.jd.com/100030165177.html,100030165177,28.00,恒玉佳,恒玉佳六味地黄丸,广盛原中医药有限公司,六味地黄丸,9g*6丸/盒,国药准字Z14020145,丸剂
https://item.jd.com/100028666321.html,100028666321,9.90,康缘,康缘克霉唑阴道片,江苏康缘药业股份有限公司,克霉唑阴道片,500mg*1片,国药准字H20056866,片剂
https://item.jd.com/100038472322.html,100038472322,14.50,华北制药,华北制药 烧伤喷雾剂,华北制药河北华诺有限公司,烧伤喷雾剂,40ml*1瓶/盒,国药准字Z13020275,喷雾剂
https://item.jd.com/100038817640.html,100038817640,1490.00,德思卓,德思卓多拉米替片 ,MSD International GmbH/包装厂：Merck Sharp & Dohme B.V.,多拉米替片,30片,国药准字HJ20200066,片剂
https://item.jd.com/100012562377.html,100012562377,30.00,宏济堂,宏济堂血府逐瘀口服液,山东宏济堂制药集团股份有限公司,血府逐瘀口服液,10ml*12支,国药准字Z20050033,口服液剂
https://item.jd.com/100017597084.html,100017597084,72.60,达克宁,达克宁酮康唑乳膏+足光散,西安杨森制药有限公司/成都九芝堂金鼎药业有限公司,酮康唑乳膏/足光散,15g/40g*5袋*3盒,国药准字H20043171/国药准字Z20025430,其他
https://item.jd.com/100027443419.html,100027443419,15.80,美优,美优奥美拉唑肠溶胶囊,上海美优制药有限公司,奥美拉唑肠溶胶囊,20mg*14粒,国药准字H20054031,胶囊剂
https://item.jd.com/100015335063.html,100015335063,20.50,碧凯,碧凯克霉唑阴道片,海南碧凯药业有限公司,克霉唑阴道片,500毫克,国药准字H20044175,片剂
https://item.jd.com/100027087579.html,100027087579,19.00,爱怡令,爱怡令盐酸曲美他嗪片,江苏吴中医药集团有限公司苏州制药厂,盐酸曲美他嗪片,20mg*45片/盒,国药准字H20073709,片剂
https://item.jd.com/100038088897.html,100038088897,14.80,德良方,德良方半枝莲胶囊,贵州德良方药业股份有限公司,半枝莲胶囊,0.31g*30粒,国药准字Z20090760,胶囊剂
https://item.jd.com/100033149809.html,100033149809,51.00,童诺,童诺童诺异维A酸红霉素凝胶10g*1支/盒+奥络夫西地酸乳膏2%(20g:0.4g)20g【治疗寻常性痤疮】,国药集团中联药业有限公司/澳美制药厂,异维A酸红霉素凝胶/夫西地酸乳膏,10g/2%(20g：0.4g)20g,国药准字H20080404/HC20150043,其他
https://item.jd.com/100016327426.html,100016327426,70.00,康王,康王酮康唑洗剂,南京白敬宇制药有限责任公司,酮康唑洗剂,2%*50ml*1瓶/盒*2,国药准字H20000700,洗剂
https://item.jd.com/100026468693.html,100026468693,30.00,同仁堂（TRT）,同仁堂益母草颗粒,北京同仁堂天然药物（唐山）有限公司,益母草颗粒,15g*12袋,国药准字Z13020660,颗粒剂
https://item.jd.com/100007240071.html,100007240071,478.80,能全力,能全力慢病福利套装 能全力 肠内营养混悬液 1.0kcal*500ml 12瓶,纽迪希亚制药（无锡）有限公司,肠内营养混悬液(TPF),1.0kcal/ml*500ml*12瓶/箱,国药准字H20010284,混悬剂
https://item.jd.com/100038411568.html,100038411568,4.90,四方同泰,四方同泰伤湿祛痛膏,哈尔滨力强药业有限责任公司,伤湿祛痛膏,7cm*10cm*8贴/盒,国药准字Z23021570,贴膏剂
https://item.jd.com/100020469223.html,100020469223,13.50,邦琪集团,邦琪集团健儿消食口服液,广西邦琪药业集团有限公司,健儿消食口服液,10毫升*6支,国药准字Z45022132,合剂（含口服液）
https://item.jd.com/3120671.html,3120671,8.00,维和,维和田七痛经胶囊,云南维和药业股份有限公司,田七痛经胶囊,0.4g*12片*2板,国药准字Z53021133,其他
https://item.jd.com/100045854718.html,100045854718,138.00,洛芙,洛芙联苯苄唑溶液+盐酸特比萘芬乳膏,江苏知原药业股份有限公司/江苏福邦药业有限公司,联苯苄唑溶液/盐酸特比萘芬乳膏,25毫升：250毫克*60ml*3/ 1%*25g*2 盒。,国药准字H20066175/国药准字H20093836,其他
https://item.jd.com/100054389797.html,100054389797,84.00,洛芙,洛芙联苯苄唑溶液+盐酸特比萘芬乳膏,江苏知原药业股份有限公司/江苏福邦药业有限公司,联苯苄唑溶液/盐酸特比萘芬乳膏,25毫升：250毫克*60ml*2/1%*25g,国药准字H20066175/国药准字H20093836,其他
https://item.jd.com/100028706953.html,100028706953,33.00,太极,太极维生素C咀嚼片,西南药业股份有限公司,维生素C咀嚼片,100mg*15片*2瓶/盒,国药准字H50021784,片剂
https://item.jd.com/100022019098.html,100022019098,96.50,利贝舒,利贝舒利伐沙班片            10mg*5片,石药集团欧意药业有限公司,利伐沙班片,10mg*5片,国药准字H20203077,片剂
https://item.jd.com/100022229458.html,100022229458,118.00,同仁堂（TRT）,同仁堂塞隆风湿酒 ,北京同仁堂股份有限公司同仁堂药酒厂,塞隆风湿酒,300ml,国药准字Z10950033,酒剂
https://item.jd.com/100015826974.html,100015826974,28.00,福和,福和痔疮胶囊,黑龙江福和制药集团股份有限公司,痔疮胶囊,0.3克*12粒*3板,-,胶囊剂
https://item.jd.com/100010372303.html,100010372303,119.00,金诃,金诃七味地骨胶囊,金诃藏药股份有限公司,七味地骨胶囊,0.3g*48粒/盒,国药准字Z20026346,胶囊剂
https://item.jd.com/100045565808.html,100045565808,83.40,治立净,治立净组套,湖北瑞华制药有限责任公司,清气化痰丸,6g*6袋*3,国药准字Z20023072,丸剂
https://item.jd.com/100045565780.html,100045565780,139.00,治立净,治立净组套,湖北瑞华制药有限责任公司,清气化痰丸,6g*6袋*5盒,国药准字Z20023072,丸剂
https://item.jd.com/100051685845.html,100051685845,15.00,鲁安,鲁安铝碳酸镁咀嚼片,安丘市鲁安药业有限责任公司,铝碳酸镁咀嚼片,0.5g*8片*2板/盒,国药准字H10950011,片剂
https://item.jd.com/100013338610.html,100013338610,19.00,立效,立效大山楂丸,山西华康药业股份有限公司,大山楂丸,9g*10丸,-,丸剂
https://item.jd.com/100052096179.html,100052096179,19.80,信达泰（xindatai）,信达泰硫酸氢氯吡格雷片,深圳信立泰药业股份有限公司,硫酸氢氯吡格雷片,75mg*7片,国药准字H20203616,片剂
https://item.jd.com/100020538351.html,100020538351,29.00,瑞彤,瑞彤盐酸吡格列酮片,江苏德源药业股份有限公司,盐酸吡格列酮片,30mg*7片,国药准字H20110048,片剂
https://item.jd.com/100008261961.html,100008261961,,仁和,仁和六味地黄胶囊,安徽九方制药有限公司,六味地黄胶囊,0.3克*60粒,国药准字Z34020074,胶囊剂
https://item.jd.com/100025644008.html,100025644008,680.00,同仁堂（TRT）,同仁堂醒消丸,北京同仁堂科技发展股份有限公司制药厂,醒消丸,3g*10瓶,国药准字Z11020502,丸剂
https://item.jd.com/100005989271.html,100005989271,21.00,天安,天安安多美 格列美脲片,贵州天安药业股份有限公司,格列美脲片,2mg*12片*2板,国药准字H20010561,片剂
https://item.jd.com/100051736291.html,100051736291,38.00,一正,一正血府逐瘀丸,吉林一正药业集团有限公司,血府逐瘀丸,9g*10丸*2盒,国药准字Z22023664,丸剂
https://item.jd.com/100018474562.html,100018474562,139.00,金诃,金诃益肝活血明目丸,金诃藏药股份有限公司,益肝活血明目丸,0.5g*8丸*3小盒/盒,国药准字Z20026820,丸剂
https://item.jd.com/100036094519.html,100036094519,19.80,百会,百会 铝碳酸镁咀嚼片,广西南宁百会药业集团有限公司,铝碳酸镁咀嚼片,0.5g*20片/盒,国药准字H10960262,片剂
https://item.jd.com/100045421517.html,100045421517,13.10,三零饮帝,三零饮帝丹参,安国润德药业有限公司,丹参,70g,无,-
https://item.jd.com/100042924557.html,100042924557,19.80,禾沐康,禾沐康玫瑰花,安徽康和中药科技有限公司,玫瑰花,40g/瓶（特选）,无,-
https://item.jd.com/100043564747.html,100043564747,10.00,玉仁,玉仁复方和血丸,吉林玉仁制药股份有限公司,复方和血丸,1.4g*15袋,国药准字B20020782,丸剂
https://item.jd.com/100029589548.html,100029589548,11.50,立效,立效川芎茶调丸,山西华康药业股份有限公司,川芎茶调丸,6g*6袋,国药准字Z14020362,丸剂
https://item.jd.com/100025935507.html,100025935507,6.00,孔府,孔府健儿消食口服液,山东孔府制药有限公司,健儿消食口服液,10ml*6支,国药准字Z37020007,合剂（含口服液）
https://item.jd.com/100024281023.html,100024281023,47.00,缓宁,缓宁氯沙坦钾片,扬子江药业集团四川海蓉药业有限公司,氯沙坦钾片,100mg*7片/板*1板,国药准字H20133120,片剂
https://item.jd.com/100026232075.html,100026232075,280.00,凯宝,凯宝氨甲环酸片,上海凯宝新谊（新乡）药业有限公司,氨甲环酸片,0.125g*100片,国药准字H41021481,片剂
https://item.jd.com/100026414567.html,100026414567,17.00,联环宽欣,联环宽欣非洛地平缓释胶囊,江苏联环药业股份有限公司,非洛地平缓释胶囊,2.5mg*20粒,国药准字H20050120,胶囊剂
https://item.jd.com/100019847313.html,100019847313,19.50,叶开泰,叶开泰健民咽喉片,健民集团叶开泰国药(随州)有限公司,健民咽喉片,0.195克*12片*2板,国药准字Z42021798,片剂
https://item.jd.com/3325184.html,3325184,124.00,本草綱目（HERBALPEDIA 1518）,本草綱目安眠补脑糖浆,李时珍医药集团有限公司,安眠补脑糖浆,100ml*5瓶,国药准字Z42021683,糖浆剂
https://item.jd.com/100017411835.html,100017411835,6.30,新峰药业,新峰药业复方丹参片,广东新峰药业股份有限公司,复方丹参片,60片,国药准字Z44021003,片剂
https://item.jd.com/100025363327.html,100025363327,68.00,太极,太极归芪生血颗粒,太极集团重庆涪陵制药厂有限公司,归芪生血颗粒,6g*9袋,国药准字B20020654,颗粒剂
https://item.jd.com/100052044781.html,100052044781,59.00,乐仁堂,乐仁堂清喉利咽颗粒,津药达仁堂集团股份有限公司乐仁堂制药厂,清喉利咽颗粒,5g*18袋,国药准字Z12020452,颗粒剂
https://item.jd.com/100044320016.html,100044320016,39.80,999,999锁阳固精丸,江西半边天药业有限公司,锁阳固精丸,6克x10袋,国药准字Z36021266,丸剂
https://item.jd.com/100022439316.html,100022439316,1260.00,森福罗,森福罗 盐酸普拉克索片/0.25MG*30片,Boehringer Ingelheim Pharma GmbH & Co.KG/分包装 上海勃林格殷格翰药业有限公司；,盐酸普拉克索片,0.25mg*30片/盒*9盒,H20140917 H20181121,片剂
https://item.jd.com/100011027613.html,100011027613,108.90,胡庆余堂,胡庆余堂调经养血丸,杭州胡庆余堂药业有限公司,调经养血丸,60g*2瓶,国药准字Z33020133,丸剂
https://item.jd.com/100009879885.html,100009879885,123.40,得百安,得百安得百安,北京泰德制药股份有限公司,氟比洛芬凝胶贴膏,40mg*6贴*2盒,国药准字H20103549,贴膏剂
https://item.jd.com/100033724055.html,100033724055,19.90,百年禾（BAINIANHE）,百年禾 净山楂 ,九珍堂健康药业(苏州)股份有限公司,净山楂,90克,无,-
https://item.jd.com/100030613021.html,100030613021,179.00,百花牌,百花牌六味防脱生发酊,百花医药集团股份有限公司,六味防脱生发酊,120ml,国药准字B20020156,酊剂
https://item.jd.com/100010815433.html,100010815433,35.70,佐今明,佐今明消食养胃片,佐今明制药股份有限公司,消食养胃片,0.32g*12片*5板,国药准字Z20026257,片剂
https://item.jd.com/100034152509.html,100034152509,15.20,悦康志德（YUE KANG ZHI DE）,悦康志德茉莉花,河北悦康志德药业有限公司,茉莉花,25g/瓶,无,-
https://item.jd.com/3116767.html,3116767,33.90,信龙,信龙碘酊,上海小方制药股份有限公司,碘酊,2% 250ml,国药准字H31021416,其他
https://item.jd.com/7249640.html,7249640,89.00,乐家老铺,乐家老铺南京同仁堂 六味地黄丸（浓缩丸）360粒*2瓶,南京同仁堂药业有限责任公司,六味地黄丸（浓缩丸）,360丸*2瓶,国药准字Z20043363,丸剂
https://item.jd.com/100041510766.html,100041510766,297.00,威立戒,威立戒酒石酸伐尼克兰片,山东威智百科药业有限公司,酒石酸伐尼克兰片,（ 0.5mg*11片和1.0mg*14片）/盒,国药准字H20223757 国药准字H20223758,片剂
https://item.jd.com/100024760997.html,100024760997,22.00,龙牡,龙牡小儿解感颗粒,健民集团叶开泰国药（随州）有限公司,小儿解感颗粒,2.5g*12袋,国药准字Z20060210,颗粒剂
https://item.jd.com/100037117486.html,100037117486,55.00,全善堂,全善堂归脾片,四川同人泰药业股份有限公司,归脾片,0.45g*36片/瓶/盒,国药准字Z51021365,片剂
https://item.jd.com/100040133638.html,100040133638,65.00,鲁南,鲁南柴银颗粒,鲁南厚普制药有限公司,柴银颗粒,8g*10袋,国药准字Z20050338,颗粒剂
https://item.jd.com/100047819315.html,100047819315,38.00,良济（LIANGJI）,良济健儿消食口服液,贵州良济药业有限公司,健儿消食口服液,10ml*12支,国药准字Z52020365,合剂
https://item.jd.com/100034186254.html,100034186254,3900.00,归真堂,归真堂熊胆粉,福建归真堂药业股份有限公司,熊胆粉,0.25g*10瓶*6盒,国药准字Z10980024,其他
https://item.jd.com/100016280174.html,100016280174,27.00,同仁堂（TRT）,同仁堂五福化毒丸,北京同仁堂股份有限公司同仁堂制药厂,五福化毒丸,30g/瓶（每100粒重10g）,国药准字Z11021189,丸剂
https://item.jd.com/100028548871.html,100028548871,35.80,葫芦世家,葫芦世家银翘解毒合剂,广西维威制药有限公司,银翘解毒合剂,10ml*6袋,国药准字Z45021561,合剂
https://item.jd.com/100036644492.html,100036644492,19.00,东阳光,东阳光阿达帕林凝胶,乳源东阳光药业有限公司,阿达帕林凝胶,0.1%*30g/支,国药准字H20183078,凝胶剂
https://item.jd.com/100037253192.html,100037253192,8.00,六棉牌,六棉牌石岐外感茶,中山市恒生药业有限公司,石岐外感茶,65g,国药准字Z44020183,其他
https://item.jd.com/100009641181.html,100009641181,19.00,欧意,欧意复方氨酚烷胺胶囊,石药集团欧意药业有限公司,复方氨酚烷胺胶囊,20粒,国药准字H20074210,胶囊剂
https://item.jd.com/100006049752.html,100006049752,32.00,云南白药（YUNNANBAIYAO）,云南白药消炎退热颗粒,云南白药集团股份有限公司,消炎退热颗粒,每袋装10克*12袋/盒,国药准字Z53021562,颗粒剂
https://item.jd.com/100037677356.html,100037677356,27.00,迪沙,迪沙牛磺酸颗粒,迪沙药业集团有限公司,牛磺酸颗粒,8袋/盒,国药准字H20003861,颗粒剂
https://item.jd.com/100020344853.html,100020344853,15.00,人福,人福维生素B6片,宜昌人福药业有限责任公司,维生素B6片,10mg*100片/瓶,国药准字H42021975,片剂
https://item.jd.com/100023990169.html,100023990169,72.00,旺龙,旺龙参苓白术颗粒,山西旺龙药业集团有限公司,参苓白术颗粒,6g*18袋,国药准字Z14020634,颗粒剂
https://item.jd.com/100008090135.html,100008090135,101.70,三精,三精葡萄糖酸锌,哈药集团三精制药有限公司,葡萄糖酸锌口服溶液,10ml*12支*3盒,国药准字H20173013,其他
https://item.jd.com/100042330756.html,100042330756,37.00,天施康,天施康复方鱼腥草滴丸,江西康恩贝天施康药业有限公司。,复方鱼腥草滴丸,2.5g*9袋,国药准字Z20090703,滴丸剂
https://item.jd.com/100015086601.html,100015086601,105.00,澳夫清,澳夫清卡泊三醇软膏/卤米松乳膏,澳美制药厂/澳美制药厂,卡泊三醇软膏/卤米松乳膏,30g/15g,HC20170010/HC20181019,其他
https://item.jd.com/100014527173.html,100014527173,112.00,本草綱目（HERBALPEDIA 1518）,本草綱目小儿咳喘灵颗粒,李时珍医药集团有限公司,小儿咳喘灵颗粒,2g*10袋*4盒,国药准字Z42021355,颗粒剂
https://item.jd.com/100030693516.html,100030693516,15.80,扶正,扶正大黄通便颗粒,甘肃扶正药业科技股份有限公司,大黄通便颗粒,12g*8袋,国药准字Z10910027,颗粒剂
https://item.jd.com/100034250174.html,100034250174,13.00,新峰药业,新峰药业感冒灵颗粒,广东新峰药业股份有限公司,感冒灵颗粒,10g*9袋,国药准字Z44021019,颗粒剂
https://item.jd.com/4783379.html,4783379,19.50,奥星,奥星肿痛安胶囊  0.28g*36粒,河北奥星集团药业有限公司,肿痛安胶囊,0.28g*36粒/盒,国药准字Z13021496,胶囊剂
https://item.jd.com/100038142738.html,100038142738,50.00,百裕畅,百裕畅依托考昔片,成都百裕制药股份有限公司,依托考昔片,60mg*6片*2板,国药准字H20213894,片剂
https://item.jd.com/100021698569.html,100021698569,16.00,佳淘,佳淘格列齐特片(II),浙江京新药业股份有限公司,格列齐特片(II),80mg*15片*4板,国药准字H19983058,片剂
https://item.jd.com/4566647.html,4566647,19.00,圣泰,圣泰小儿热速清颗粒 10袋,哈尔滨圣泰生物制药有限公司,小儿热速清颗粒,10袋/盒,国药准字Z10980101,颗粒剂
https://item.jd.com/100037388182.html,100037388182,24.90,迪沙,迪沙头孢克洛颗粒,迪沙药业集团有限公司,头孢克洛颗粒,0.125g*6袋,国药准字H20113083,颗粒剂
https://item.jd.com/100003131828.html,100003131828,21.00,天施康,天施康天施康.复方鱼腥草滴丸 2.5g*6袋,江西康恩贝天施康药业有限公司,复方鱼腥草滴丸,2.5g*6袋,国药准字Z20090703,丸剂
https://item.jd.com/100027182070.html,100027182070,53.50,上海医药（SHANGHAI PHARMA）,上海医药调经补血丸,厦门中药厂有限公司,调经补血丸,0.3g*24粒*3板,国药准字Z35020014,丸剂
https://item.jd.com/100026126010.html,100026126010,48.00,和盛堂,和盛堂当归腹痛宁滴丸,兰州和盛堂制药股份有限公司,当归腹痛宁滴丸,15粒*7袋,国药准字Z62020027,丸剂
https://item.jd.com/100020729437.html,100020729437,23.00,唐弗,唐弗格列美脲胶囊,广西百琪药业有限公司,格列美脲胶囊,2mg*10粒/板*2板,国药准字H20030283,胶囊剂
https://item.jd.com/100034903584.html,100034903584,29.00,智唐,智唐格列吡嗪控释片,淄博万杰制药有限公司,格列吡嗪控释片,5mg*20片,国药准字H20046427,片剂
https://item.jd.com/100048061073.html,100048061073,35.00,粤威,粤威麝香止痛贴膏,广东粤威制药有限公司,麝香止痛贴膏,7cm*10cm*4片*3袋,国药准字Z44020466,贴膏剂
https://item.jd.com/100018058376.html,100018058376,53.00,金丐,金丐醋酸钙颗粒,昆明邦宇制药有限公司,醋酸钙颗粒,3g/包*20包,国药准字H53021640,颗粒剂
https://item.jd.com/100044180825.html,100044180825,24.00,诺金,诺金喉舒宁片,广州诺金制药有限公司,喉舒宁片,24片/盒,国药准字Z44022511,片剂
https://item.jd.com/100028463596.html,100028463596,30.00,欣卫平,欣卫平二甲双胍格列吡嗪胶囊,无锡福祈制药有限公司,二甲双胍格列吡嗪胶囊,10粒,国药准字H20140070,胶囊剂
https://item.jd.com/100034903716.html,100034903716,39.80,楚可,楚可盐酸特比萘芬乳膏,江苏福邦药业有限公司,盐酸特比萘芬乳膏,1%*30g,国药准字H20093836,乳膏剂
https://item.jd.com/100028548887.html,100028548887,18.00,葫芦爸,葫芦爸复方感冒灵片,海南葫芦娃药业集团股份有限公司,复方感冒灵片,0.45g*24片,国药准字Z46020090,片剂
https://item.jd.com/100001734040.html,100001734040,158.00,本草綱目（HERBALPEDIA 1518）,本草綱目十全大补酒,李时珍医药集团有限公司,十全大补酒,500毫升/瓶*1瓶/盒,国药准字Z42021695,其他
https://item.jd.com/100030167572.html,100030167572,29.00,扬子江,扬子江醋酸曲安奈德益康唑乳膏,扬子江药业集团有限公司,醋酸曲安奈德益康唑乳膏,15g *2支/盒,国药准字H20020126,乳膏剂
https://item.jd.com/100014130145.html,100014130145,99.00,鲁南,鲁南生脉饮,鲁南厚普制药有限公司,生脉饮,10ml*10支,国药准字Z37020294,其他
https://item.jd.com/5797332.html,5797332,25.00,同仁堂（TRT）,同仁堂香苏正胃丸,北京同仁堂股份有限公司同仁堂制药厂,香苏正胃丸,3g*10丸,国药准字Z11020243,丸剂
https://item.jd.com/100039781339.html,100039781339,25.00,金日,金日盐酸克林霉素凝胶,金日制药（中国）有限公司,盐酸克林霉素凝胶,10克：0.1克*25g,国药准字H20040314,凝胶剂
https://item.jd.com/100027803889.html,100027803889,19.80,马应龙,马应龙维生素AD滴剂(胶囊型),烟台元生药业有限公司,维生素AD滴剂(胶囊型),12粒*3板,国药准字H20055429,滴剂
https://item.jd.com/100026414497.html,100026414497,39.80,隆顺榕,隆顺榕蒲地蓝消炎片,津药达仁堂集团股份有限公司隆顺榕制药厂,蒲地蓝消炎片,0.31g*24片*3板,国药准字Z12020268,片剂
https://item.jd.com/5024889.html,5024889,249.00,21金维他,21金维他多元维生素片(21),杭州民生健康药业股份有限公司（原杭州民生健康药业有限公司）,多维元素片（21）,60片*5瓶,国药准字H20003795,片剂
https://item.jd.com/6416217.html,6416217,206.00,21金维他,21金维他多维元素片(21) 60片*4瓶 礼盒装,杭州民生健康药业股份有限公司（原杭州民生健康药业有限公司）,多维元素片(21),60片*4瓶,国药准字H20003795,片剂
https://item.jd.com/100034546794.html,100034546794,55.00,恩华,恩华萘普生缓释胶囊,江苏恩华药业股份有限公司,萘普生缓释胶囊,0.25g*12粒,国药准字H10960018,胶囊剂
https://item.jd.com/100023214674.html,100023214674,45.00,G·U·M,G·U·MGUM WELLPLUS 防蛀护理牙膏125g 香草薄荷绿色款 预防牙周病、口臭,GUM,-,125g,-,-
https://item.jd.com/100020530611.html,100020530611,1749.00,同仁堂（TRT）,同仁堂防衰益寿丸,北京同仁堂天然药物（唐山）有限公司,防衰益寿丸,3g*30粒,国药准字Z11020767,丸剂
https://item.jd.com/100030228678.html,100030228678,99.00,杰时乐,杰时乐盐酸达泊西汀片,山东朗诺制药有限公司,盐酸达泊西汀片,30mg*6片/盒,国药准字H20213748,片剂
https://item.jd.com/100040876712.html,100040876712,7.00,天施康,天施康肿节风片,江西康恩贝天施康药业有限公司,肿节风片,0.25g*36片,国药准字Z36021677,片剂
https://item.jd.com/100026468697.html,100026468697,58.00,隆顺榕,隆顺榕小儿金丹片,天津中新药业集团股份有限公司隆顺榕制药厂,小儿金丹片,0.2g*24片,国药准字Z12020245,片剂
https://item.jd.com/100026941141.html,100026941141,9.80,川石,川石复方醋酸地塞米松乳膏,河南大新药业有限公司,复方醋酸地塞米松乳膏,20g：15mg 20g/盒,国药准字H41024619,乳膏剂
https://item.jd.com/100026941345.html,100026941345,5.00,川石,川石复方醋酸地赛米松乳膏,河南大新药业有限公司,复方醋酸地塞米松乳膏,10g：7.5mg 10g/支,国药准字H41024619,乳膏剂
https://item.jd.com/100019420729.html,100019420729,16.80,德济,德济鼻渊片,吉林白山正茂药业股份有限公司,鼻渊片,18片*2板/盒,国药准字Z22024257,片剂
https://item.jd.com/100017937307.html,100017937307,98.00,21金维他,21金维他维生素E软胶囊,江西天之海药业股份有限公司,维生素E软胶囊,100mg*12粒*6板,国药准字H36020415,胶囊剂
https://item.jd.com/100036398074.html,100036398074,118.00,瑞鹤,瑞鹤熊胆救心丸,云南大理瑞鹤药业有限公司,熊胆救心丸,6粒*3瓶,国药准字Z53021588,丸剂
https://item.jd.com/100047751881.html,100047751881,37.80,永吉,永吉柴银感冒颗粒,国药集团新疆制药有限公司,柴银感冒颗粒,15g*6袋/盒,国药准字Z20025872,颗粒剂
https://item.jd.com/3226872.html,3226872,268.00,东阿阿胶,东阿阿胶黄明胶,东阿阿胶股份有限公司,黄明胶,每块31.25g，每盒装250g,国药准字Z37021394,胶剂
https://item.jd.com/100009323611.html,100009323611,439.00,睿宗堂,睿宗堂鹿角胶,山东永乐堂阿胶集团无极制药有限公司,鹿角胶,250g,国药准字Z36020655,其他
https://item.jd.com/3546324.html,3546324,3.80,太平,太平风油精,福建太平洋制药有限公司,风油精,每瓶装3毫升,国药准字Z35020456,其他
https://item.jd.com/100025216109.html,100025216109,24.20,双星,双星二甲双胍格列本脲片(Ⅱ),吉林省华威药业有限公司,二甲双胍格列本脲片(Ⅱ),10片/板*5板,国药准字H20041688,片剂
https://item.jd.com/100019778335.html,100019778335,598.00,蛮龙,蛮龙蛮龙液,云南云龙制药股份有限公司,蛮龙液,50毫升/瓶*6瓶,国药准字Z53020206,其他
https://item.jd.com/100020254463.html,100020254463,15.00,百美,百美盐酸曲美他嗪缓释片,北京百美特生物制药有限公司,盐酸曲美他嗪缓释片,35mg*15片/板*2板/盒,国药准字H20203452,片剂
https://item.jd.com/100025935901.html,100025935901,28.00,太极,太极葡萄糖酸锌颗粒,西南药业股份有限公司,葡萄糖酸锌颗粒,70mg*10袋/盒,国药准字H50020027,颗粒剂
https://item.jd.com/100022190598.html,100022190598,28.50,同仁堂（TRT）,同仁堂舒郁九宝丸,北京同仁堂股份有限公司同仁堂制药厂,舒郁九宝丸,6g*10丸,国药准字Z11021111,丸剂
https://item.jd.com/100029123168.html,100029123168,6.60,东信,东信琥乙红霉素片,湖北东信药业有限公司,琥乙红霉素片,0.125g*12片*2板,国药准字H42021466,片剂
https://item.jd.com/100008528859.html,100008528859,949.00,正大天晴,正大天晴恩曲他滨替诺福韦片,正大天晴药业集团股份有限公司,恩曲他滨替诺福韦片,30片/瓶,国药准字H20203234,片剂
https://item.jd.com/100020530633.html,100020530633,50.00,汝立康,汝立康参柏舒心颗粒,吉林京辉药业股份有限公司,参柏舒心颗粒,14g*9袋,国药标准Z20055261,颗粒剂
https://item.jd.com/100027770416.html,100027770416,105.00,澳能,澳能卤米松乳膏/卡泊三醇软膏,澳美制药厂/澳美制药厂,卤米松乳膏/卡泊三醇软膏,15g/30g,HC20181019/HC20170010,其他
https://item.jd.com/100023785889.html,100023785889,45.00,正大,正大艽龙胶囊,西安正大制药有限公司,艽龙胶囊,80mg*2*9粒/1盒,国药准字Z20030101,胶囊剂
https://item.jd.com/100014130149.html,100014130149,24.00,本草綱目（HERBALPEDIA 1518）,本草綱目大山楂颗粒,李时珍医药集团有限公司,大山楂颗粒,15g*10袋,国药准字Z42021232,颗粒剂
https://item.jd.com/100042900320.html,100042900320,99.00,洛芙,洛芙米诺地尔酊,厦门美商医药有限公司,米诺地尔酊,5%*50ml/盒,国药准字H20103166,酊剂
https://item.jd.com/100052424507.html,100052424507,189.00,洛芙,洛芙米诺地尔酊,厦门美商医药有限公司,米诺地尔酊,5%*50ml/盒*2盒,国药准字H20103166,酊剂
https://item.jd.com/100042900240.html,100042900240,364.00,洛芙,洛芙米诺地尔酊,厦门美商医药有限公司,米诺地尔酊,5%*50ml/盒*4盒,国药准字H20103166,酊剂
https://item.jd.com/100010391415.html,100010391415,35.00,鲁南,鲁南非那雄胺片,鲁南贝特制药有限公司,非那雄胺片,5mg*12片,国药准字H20051433,片剂
https://item.jd.com/100008342153.html,100008342153,34.90,凯誉,凯誉维格列汀片,北京泰德制药股份有限公司,维格列汀片,50mg*14片,国药准字H20203163,片剂
https://item.jd.com/100024277497.html,100024277497,61.50,扬子江,扬子江维格列汀片,四川海汇药业有限公司委托扬子江药业集团四川海蓉药业有限公司,维格列汀片,50mg*7片*2板,国药准字H20203360,片剂
https://item.jd.com/100039899718.html,100039899718,12.00,安多美,安多美格列美脲片,贵州天安药业股份有限公司,格列美脲片,2mg*12片*1板/盒,国药准字H20010561,片剂
https://item.jd.com/100047751993.html,100047751993,138.00,金乌,金乌三乌胶丸,云南金乌黑药制药有限公司,三乌胶丸,5g*10袋,国药准字Z53020143,丸剂
https://item.jd.com/100044225705.html,100044225705,196.00,南峰牌,南峰牌左归丸,台州南峰药业有限公司,左归丸,60g,国药准字Z33020430,丸剂
https://item.jd.com/100046454697.html,100046454697,48.00,雷易得,雷易得恩替卡韦分散片,苏州东瑞制药有限公司,恩替卡韦分散片,1mg*7片,国药准字H20153021,片剂
https://item.jd.com/100035647682.html,100035647682,1099.00,沛卓,沛卓多拉韦林片,MSD International GmbH/包装厂 Merck Sharp & Dohme B.V.,多拉韦林片,100mg*30片*1瓶/盒,国药准字HJ20200050,片剂
https://item.jd.com/100016278687.html,100016278687,10.50,百灵,百灵伤湿祛痛膏,四川峨嵋山药业有限公司,伤湿祛痛膏,10cm*7cm*4片,国药准字Z51021591,其他
https://item.jd.com/100040217217.html,100040217217,9.00,武罗,武罗开塞露（含甘油）,河北武罗药业有限公司,开塞露（含甘油）,20ml/支/袋*3袋/盒,国药准字H13021326,溶液剂
https://item.jd.com/100016128433.html,100016128433,61.00,药王孙真人,药王孙真人六味地黄丸（浓缩丸）,河南济世药业有限公司,六味地黄丸（浓缩丸）,480丸,国药准字Z41020001,丸剂
https://item.jd.com/100018821647.html,100018821647,58.00,泰华堂（taihuatang）,泰华堂六味地黄胶囊,四川泰华堂制药有限公司,六味地黄胶囊,0.3g×48粒,国药准字Z51020024,胶囊剂
https://item.jd.com/100033529558.html,100033529558,258.00,泰华堂（taihuatang）,泰华堂六味地黄胶囊,四川泰华堂制药有限公司,六味地黄胶囊,0.3g*192粒,国药准字Z51020024,胶囊剂
https://item.jd.com/100012562179.html,100012562179,88.00,佑三,佑三复方芩芍樟脑软膏,北京佑三药业有限公司,复方芩芍樟脑软膏,10g,国药准字B20020866,软膏剂
https://item.jd.com/100027770414.html,100027770414,51.50,澳能,澳能卤米松乳膏/夫西地酸乳膏,澳美制药厂/澳美制药厂,卤米松乳膏/夫西地酸乳膏,1g：0.5mg*15g/2%(10g：0.2g)*10g,HC20181019/HC20150044,乳膏剂
https://item.jd.com/100051149761.html,100051149761,19.00,新达罗（xdl）,新达罗头抱克洛胶囊,山东淄博新达制药有限公司,头抱克洛胶囊,0.25g*12粒,国药准字H10930008,胶囊剂
https://item.jd.com/100044178467.html,100044178467,7.80,诺金,诺金康尔心胶囊,广州诺金制药有限公司,康尔心胶囊,0.4g*24粒/盒,国药准字Z44022514,胶囊剂
https://item.jd.com/100009896583.html,100009896583,288.00,白云山,白云山力加寿片,广州白云山光华制药股份有限公司,力加寿片,90片/盒,国药准字Z44020199,片剂
https://item.jd.com/100040829918.html,100040829918,49.00,多普泰,多普泰川芎茶调袋泡剂,重庆多代医药科技有限公司委托重庆药研院制药有限公司生产,川芎茶调袋泡剂,1.6g*12袋,国药准字Z50020504,茶剂
https://item.jd.com/100025885789.html,100025885789,88.00,太极,太极维生素EC片,西南药业股份有限公司,维生素EC片,40片,国药准字H50021865,片剂
https://item.jd.com/100040829490.html,100040829490,18.80,康婷,康婷布洛芬缓释胶囊,广州柏赛罗药业有限公司,布洛芬缓释胶囊,0.3g*10粒*2板/盒,国药准字H20043148,胶囊剂
https://item.jd.com/100046214240.html,100046214240,44.70,好医生,好医生丹莪妇康煎膏,云南圣科药业有限公司,丹莪妇康煎膏,15g*2袋,国药准字Z20025253,煎膏剂
https://item.jd.com/100025228995.html,100025228995,3199.00,希必可（CIBINQO）,希必可阿布昔替尼片,Pfizer Manufacturing Deutschland GmbH,阿布昔替尼片,100mg*14片,国药准字HJ20220030,片剂
https://item.jd.com/100041557342.html,100041557342,17.80,太福,太福  蛇胆川贝液 ,武汉太福制药有限公司,蛇胆川贝液,10ml*6支,国药准字Z42021846,糖浆剂
https://item.jd.com/4231457.html,4231457,326.00,仲景,仲景强阳保肾丸,仲景宛西制药股份有限公司,强阳保肾丸,6g*15袋*2盒,国药准字Z41022068,丸剂
https://item.jd.com/100033179597.html,100033179597,89.00,桑海,桑海肾宝胶囊,江西南昌桑海制药有限责任公司,肾宝胶囊,0.5g*10粒*8板,国药准字Z20090387,胶囊剂
https://item.jd.com/100043820221.html,100043820221,38.90,九珍堂,九珍堂薏苡仁,九珍堂健康药业（苏州）股份有限公司,薏苡仁,精选250克/瓶,无,-
https://item.jd.com/100045421423.html,100045421423,13.10,三零饮帝,三零饮帝花椒,安国润德药业有限公司,花椒,30g,无,-
https://item.jd.com/100051167691.html,100051167691,268.00,伟哥,伟哥盐酸达泊西汀片,深圳信立泰药业股份有限公司,盐酸达泊西汀片,30mg*2片*4板,国药准字H20203552,片剂
https://item.jd.com/100026561417.html,100026561417,68.00,天保发,天保发非那雄胺片,杭州康恩贝制药有限公司,非那雄胺片,1mg*30片/盒,国药准字H20160002,片剂
https://item.jd.com/100026006319.html,100026006319,8.00,道君,道君奥美拉唑肠溶胶囊,吉林道君药业股份有限公司,奥美拉唑肠溶胶囊,20mg*12粒*2板/盒,国药准字H20103717,胶囊剂
https://item.jd.com/100030934956.html,100030934956,1840.00,广誉远（GuangYuYuan）,广誉远安宫牛黄丸,山西广誉远国药有限公司,安宫牛黄丸,3g/丸*5丸/盒,国药准字Z14020654,丸剂
https://item.jd.com/100049317487.html,100049317487,175.00,多达一,多达一氨氯地平阿托伐他汀钙片,瀚晖制药有限公司,氨氯地平阿托伐他汀钙片,5mg：20mg*14片/盒,国药准字H20217057,片剂
https://item.jd.com/100039326617.html,100039326617,40.00,朗美,朗美非布司他片,山东朗诺制药有限公司,非布司他片,40mg*16片*1板,国药准字H20213864,片剂
https://item.jd.com/100042741810.html,100042741810,99.00,莱兹,他克莫司软膏,浙江万晟药业有限公司,他克莫司软膏,0.1%（10g：10mg）*10g,国药准字H20133244,软膏剂
https://item.jd.com/100036638587.html,100036638587,54.88,康恩贝,康恩贝安神补脑颗粒,浙江康恩贝制药股份有限公司,安神补脑颗粒,2g*24袋,国药准字Z20163063,颗粒剂
https://item.jd.com/100014470448.html,100014470448,620.00,哈药,哈药安宫牛黄丸,哈药集团世一堂制药厂,安宫牛黄丸,3g*2丸,国药准字Z23020196,丸剂
https://item.jd.com/100034152519.html,100034152519,22.10,悦康志德（YUE KANG ZHI DE）,悦康志德苦丁茶,河北悦康志德药业有限公司,苦丁茶,60g/瓶,无,-
https://item.jd.com/100034078835.html,100034078835,40.50,悦康志德（YUE KANG ZHI DE）,悦康志德红景天,河北悦康志德药业有限公司,红景天,80g/瓶,无,-
https://item.jd.com/100014527189.html,100014527189,153.00,本草綱目（HERBALPEDIA 1518）,本草綱目金鸡虎补丸,李时珍医药集团有限公司,金鸡虎补丸,60g*5瓶,国药准字Z42021499,丸剂
https://item.jd.com/100034677826.html,100034677826,36.00,粤威,粤威麝香止痛贴膏,广东粤威制药有限公司,麝香止痛贴膏,9cm*6cm*5片*2袋/盒,国药准字Z44020466,贴膏剂
https://item.jd.com/100029337226.html,100029337226,63.00,药王孙真人,药王孙真人香砂养胃丸（浓缩丸）,河南济世药业有限公司,香砂养胃丸（浓缩丸）,480丸,国药准字Z41020151,丸剂
https://item.jd.com/100041419612.html,100041419612,19.80,东方明（DY&FM）,东方明布洛芬片,山东方明药业集团股份有限公司,布洛芬片,0.1g*24片/板/盒,国药准字H37022628,片剂
https://item.jd.com/100034903974.html,100034903974,15.00,当止,当止泮托拉唑钠肠溶片,辰欣药业股份有限公司,泮托拉唑钠肠溶片,40mg*7片*2板,国药准字H20093367,片剂
https://item.jd.com/100034261471.html,100034261471,26.00,葫芦世家,葫芦世家治咳枇杷露,广西维威制药有限公司,治咳枇杷露,10毫升*9袋,国药准字Z45021890,合剂
https://item.jd.com/100023297491.html,100023297491,1250.00,胡庆余堂,胡庆余堂安宫牛黄丸,杭州胡庆余堂药业有限公司,安宫牛黄丸,3g*1丸*4小盒,国药准字Z33020160,丸剂
https://item.jd.com/100021471475.html,100021471475,25.00,诺为,诺为马来酸曲美布汀干混悬剂,海南普利制药股份有限公司,马来酸曲美布汀干混悬剂,4g：0.1g*6袋,国药准字H20041826,混悬剂
https://item.jd.com/100036294066.html,100036294066,248.00,扬子江龙凤堂,扬子江龙凤堂双花百合片,扬子江药业集团江苏龙凤堂中药有限公司,双花百合片,0.4g×18片/板×2板/盒,国药准字Z20123033,片剂
https://item.jd.com/100037309582.html,100037309582,6.90,桂克,桂克头孢克洛胶囊,石家庄市华新药业有限责任公司,头孢克洛胶囊,0.25g*6粒*1板,国药准字H20093986,胶囊剂
https://item.jd.com/100041686516.html,100041686516,22.00,白云山星群,白云山星群小儿氨酚黄那敏颗粒,广州白云山星群(药业)股份有限公司,小儿氨酚黄那敏颗粒,6克*10袋/盒,国药准字H44024495,颗粒剂
https://item.jd.com/100016866925.html,100016866925,15.00,上龙,上龙安神补心丸（浓缩水丸）,上海宝龙安庆药业有限公司,安神补心丸（浓缩水丸）,200丸,国药准字Z34020298,丸剂
https://item.jd.com/100024233513.html,100024233513,70.00,扬子江,扬子江二甲双胍格列吡嗪片,扬子江药业集团江苏紫龙药业有限公司,二甲双胍格列吡嗪片,9片/板x2板/盒,国药准字H20217029,片剂
https://item.jd.com/100014527317.html,100014527317,19.50,同仁堂,同仁堂卫生宝丸,北京同仁堂科技发展股份有限公司制药厂,卫生宝丸,3g*10丸,国药准字Z11020203,丸剂
https://item.jd.com/100047751879.html,100047751879,16.20,永吉（yongji）,永吉附子理中片,国药集团新疆制药有限公司,附子理中片,0.25g*60片/瓶,国药准字Z65020107,片剂
https://item.jd.com/100035221035.html,100035221035,190.00,美视伦,美视伦乙酰唑胺片,甘肃成纪生物药业有限公司,乙酰唑胺片,0.25g*12片/盒,国药准字H62020120,片剂
https://item.jd.com/100026342707.html,100026342707,14.30,唐龙,唐龙六味地黄丸（浓缩丸）,兰州太宝制药有限公司,六味地黄丸（浓缩丸）,48粒*4板,国药准字Z62021276,丸剂
https://item.jd.com/100036078042.html,100036078042,19.90,悦康,悦康心力丸,广州悦康生物制药有限公司,心力丸,20丸/盒,国药准字Z44021844,丸剂
https://item.jd.com/100035885637.html,100035885637,75.60,华海,华海托吡酯片,浙江华海药业股份有限公司,托吡酯片,25mg*60片/盒,国药准字H20213269,片剂
https://item.jd.com/100016128411.html,100016128411,63.00,药王孙真人,药王孙真人麦味地黄丸（浓缩丸）,河南省济源市济世药业有限公司,麦味地黄丸（浓缩丸）,480丸,国药准字Z41020002,丸剂
https://item.jd.com/100024904636.html,100024904636,47.30,贝琪,贝琪阿折地平片,南京正大天晴制药有限公司,阿折地平片,8mg*7片*1板,国药准字H20080265,片剂
https://item.jd.com/100029347029.html,100029347029,28.00,双鹭,双鹭利伐沙班片,北京双鹭药业股份有限公司,利伐沙班片,10mg*10片,国药准字H20213305,片剂
https://item.jd.com/100043216395.html,100043216395,298.00,昆药集团（KPC）,昆药集团多烯酸乙酯软胶囊,昆药集团股份有限公司,多烯酸乙酯软胶囊,0.25g*120粒,国药准字H53022123,胶囊剂
https://item.jd.com/100020630841.html,100020630841,40.70,得立坦,得立坦氯沙坦钾胶囊,成都恒瑞制药有限公司,氯沙坦钾胶囊,50mg*7粒,国药准字H20100167,胶囊剂
https://item.jd.com/100023193078.html,100023193078,9.90,中惠,中惠盐酸二甲双胍片,北京中惠药业有限公司,盐酸二甲双胍片,0.25g*48片,国药准字H19983069,片剂
https://item.jd.com/100010762915.html,100010762915,65.00,佐藤（SATO PHARMACEUTICAL）,佐藤Sato佐藤制药镇痛软膏 20g ,佐藤制药,-,20g/支,-,-
https://item.jd.com/100011947961.html,100011947961,207.50,纬阁,纬阁他达拉非片,长春海悦药业股份有限公司,他达拉非片,5mg*30片/盒,国药准字H20205064,片剂
https://item.jd.com/100040794843.html,100040794843,19.80,新托妥,新托妥瑞舒伐他汀钙片,南京正大天晴制药有限公司,瑞舒伐他汀钙片,10mg*14片*2板,国药准字H20080670,片剂
https://item.jd.com/100019907048.html,100019907048,35.00,金乌,金乌肝苏分散片,云南金乌黑药制药有限公司,肝苏分散片,0.5g*48片,国药准字Z20080255,片剂
https://item.jd.com/100032284807.html,100032284807,38.90,联环宽欣,联环宽欣盐酸达泊西汀片,江苏联环药业股份有限公司,盐酸达泊西汀片,30mg*2片,国药准字H20213945,片剂
https://item.jd.com/100035808632.html,100035808632,27.20,瑞素坦,瑞素坦雷米普利片,昆山龙灯瑞迪制药有限公司,雷米普利片,2.5mg*14片,国药准字H20030724,片剂
https://item.jd.com/100031853154.html,100031853154,49.00,武都,武都参芪颗粒,甘肃佛仁制药科技有限公司,参芪颗粒,10g*10袋,国药准字Z20027018,颗粒剂
https://item.jd.com/100038411538.html,100038411538,19.90,康合森,康合森维生素AD滴剂,安徽威尔曼制药有限公司,维生素AD滴剂,9粒/板*2板,国药准字H20084482,其他
https://item.jd.com/100038411540.html,100038411540,19.90,康合森,康合森维生素AD滴剂,安徽威尔曼制药有限公司,维生素AD滴剂,9粒/板*2板,国药准字H20084481,其他
https://item.jd.com/100034312885.html,100034312885,40.00,葵花,葵花非布司他片,江苏中天药业有限公司,非布司他片,40mg*8片*2板,国药准字H20213172,片剂
https://item.jd.com/100042204927.html,100042204927,316.00,苏紫堂,苏紫堂鹿茸粉,安徽康和中药科技有限公司,鹿茸粉,1g*30袋/盒,无,-
https://item.jd.com/100042760160.html,100042760160,59.00,禾沐康,禾沐康净山楂,安徽惠丰国药有限公司,净山楂,0.5kg/袋（统）,无,-
https://item.jd.com/100033769115.html,100033769115,,百年禾（BAINIANHE）,百年禾胖大海 ,九珍堂健康药业(苏州)股份有限公司,胖大海,120克,无,-
https://item.jd.com/100041837837.html,100041837837,142.00,苏紫堂,苏紫堂三七粉,安徽康和中药科技有限公司,三七粉,2g*30袋/盒,无,-
https://item.jd.com/100033418983.html,100033418983,45.00,同仁堂（TRT）,同仁堂莲子,北京同仁堂(安国)中药饮片有限责任公司,莲子,100g,无,-
https://item.jd.com/100016101810.html,100016101810,248.00,好医生,好医生丹莪妇康煎膏150g,云南圣科药业有限公司,丹莪妇康煎膏,150g,国药准字Z20025253,煎膏剂
https://item.jd.com/100035179762.html,100035179762,7.00,德济,德济喘咳宁片,通化金恺威药业有限公司,喘咳宁片,12片*3板/盒,国药准字Z22023915,片剂
https://item.jd.com/100033736908.html,100033736908,13.60,泰华堂（taihuatang）,泰华堂复方氨酚烷胺胶囊,四川泰华堂制药有限公司,复方氨酚烷胺胶囊,12粒,国药准字H20093676,胶囊剂
https://item.jd.com/100017547479.html,100017547479,30.00,杰时乐,杰时乐盐酸达泊西汀片,山东朗诺制药有限公司,盐酸达泊西汀片,30mg*1片/盒,国药准字H20213748,片剂
https://item.jd.com/100042713485.html,100042713485,12.00,葫芦娃,葫芦娃复方氨酚烷胺胶囊,海南葫芦娃药业集团股份有限公司,复方氨酚烷胺胶囊,12粒/盒,国药准字H20058400,胶囊剂
https://item.jd.com/100015303763.html,100015303763,168.00,洞渊阁,洞渊阁钻山风合剂,江西金顶药业有限公司,钻山风合剂,250ml*1瓶,国药准字Z36020066,合剂
https://item.jd.com/100017482208.html,100017482208,18.00,腾药,腾药肤痒颗粒,云南腾药制药股份有限公司,肤痒颗粒,9g*6袋,国药准字Z53020327,颗粒剂
https://item.jd.com/100010903088.html,100010903088,32.00,黄连之乡,黄连之乡安乐片,湖北香莲药业有限责任公司,安乐片,24片/板*2板,国药准字Z42020866,片剂
https://item.jd.com/100019610287.html,100019610287,13.37,沃华,沃华木香顺气丸,山东沃华医药科技股份有限公司,木香顺气丸,6克*10袋,国药准字Z37021335,丸剂
https://item.jd.com/100009861905.html,100009861905,23.00,腾药,腾药桑菊感冒片,云南腾药制药股份有限公司,桑菊感冒片,12片/板*4板/盒,国药准字Z53021029,片剂
https://item.jd.com/100036069787.html,100036069787,22.00,恒诚制药,恒诚制药野菊花颗粒,广东恒诚制药股份有限公司,野菊花颗粒,15g*9袋,国药准字Z20027595,颗粒剂
https://item.jd.com/100036226152.html,100036226152,58.00,葵花,葵花三合钙咀嚼片,葵花药业集团（吉林）临江有限公司,三合钙咀嚼片,120片*1瓶,国药准字H15021334,片剂
https://item.jd.com/100010246057.html,100010246057,108.00,康普,康普补肾益寿片,康普药业股份有限公司,补肾益寿片,0.4g*12片*6板,国药准字Z20060306,片剂
https://item.jd.com/100026177465.html,100026177465,24.50,金桃,金桃夜宁颗粒,湖北盛通药业有限公司,夜宁颗粒,20g*8袋,国药准字Z42020148,颗粒剂
https://item.jd.com/100051539161.html,100051539161,11.80,成一制药,成一制药银黄颗粒,成都第一制药有限公司,银黄颗粒,4g*10袋/盒,国药准字Z51022322,颗粒剂
https://item.jd.com/100016538813.html,100016538813,9.00,瑞华,瑞华明目地黄丸,湖北瑞华制药有限责任公司,明目地黄丸,200丸,国药准字Z20174048,丸剂
https://item.jd.com/100013460563.html,100013460563,56.00,科糖恩,科糖恩恩格列净片,四川科伦药业股份有限公司,恩格列净片,10mg*10片,国药准字H20203411,片剂
https://item.jd.com/100029951850.html,100029951850,9.00,瑞华,瑞华杞菊地黄丸,湖北瑞华制药有限责任公司,杞菊地黄丸,200丸,国药准字Z20174046,丸剂
https://item.jd.com/100023384320.html,100023384320,29.80,科田,科田复方十一烯酸锌软膏,湖北科田药业有限公司,复方十一烯酸锌软膏,15g,国药准字H42020879,软膏剂
https://item.jd.com/100039810699.html,100039810699,239.00,艾乐久,艾乐久盐酸达泊西汀片,四川科伦药业股份有限公司,盐酸达泊西汀片,30mg*5片/板*3板/盒,国药准字H20203189,片剂
https://item.jd.com/100020960165.html,100020960165,5.00,韩都,韩都咽炎片,遂成药业股份有限公司,咽炎片,0.25g*24片/板/盒,国药准字Z20064047,片剂
https://item.jd.com/100036234541.html,100036234541,23.90,立方,立方盐酸曲美他嗪缓释片,合肥立方制药股份有限公司,盐酸曲美他嗪缓释片,35mg*10片*3板,国药准字H20213628,片剂
https://item.jd.com/100045427906.html,100045427906,79.60,迈维希,迈维希五维赖氨酸颗粒,草仙药业有限公司,五维赖氨酸颗粒,5g*16包/盒,国药准字H22024346,颗粒剂
https://item.jd.com/100026805035.html,100026805035,3400.00,葛洪,葛洪桂龙药膏,广西邦琪药业集团有限公司,桂龙药膏,202g*6瓶*2盒,国药准字Z45022017,煎膏剂
https://item.jd.com/100034607024.html,100034607024,46.00,沃华,沃华小儿退热颗粒,山东沃华医药科技股份有限公司,小儿退热颗粒,5克*10袋,国药准字Z37021424,颗粒剂
https://item.jd.com/100042741852.html,100042741852,19.00,洛芙,洛芙环吡酮胺乳膏,黑龙江天辰药业有限公司,环吡酮胺乳膏,15克：0.15克*1支,国药准字H20113518,乳膏剂
https://item.jd.com/100020031577.html,100020031577,9.90,和心诺泰,和心诺泰麝香壮骨膏,哈尔滨力强药业有限责任公司,麝香壮骨膏,7cm*10cm*5贴*2袋,国药准字Z23021622,贴膏剂
https://item.jd.com/100037004807.html,100037004807,38.90,联环宽新,联环宽新盐酸达泊西汀片,江苏联环药业股份有限公司,盐酸达泊西汀片,30mg*2片,国药准字H20213945,片剂
https://item.jd.com/100036285954.html,100036285954,16.80,何济公,何济公联苯苄唑乳膏,广州白云山医药集团股份有限公司白云山何济公制药厂,联苯苄唑乳膏,10g：0.1g*10g,国药准字H10960225,乳膏剂
https://item.jd.com/100034013308.html,100034013308,19.00,德济,德济小儿增食片,吉林白山正茂药业股份有限公司,小儿增食片,0.25克* 20片*2板/盒,国药准字Z22024599,片剂
https://item.jd.com/100028591612.html,100028591612,46.00,法迪,法迪米格列奈钙片,正大天晴药业集团股份有限公司,米格列奈钙片,10mg*12片*2板,国药准字H20120019,片剂
https://item.jd.com/100024760883.html,100024760883,52.80,晶珠,晶珠降脂化浊胶囊,青海晶珠藏药高新技术产业股份有限公司,降脂化浊胶囊,0.5g*10粒/板*2板/盒,国药准字Z20025364,胶囊剂
https://item.jd.com/100018838163.html,100018838163,58.00,泰华堂（taihuatang）,泰华堂益视颗粒,四川泰华堂制药有限公司,益视颗粒,15g×12袋,国药准字Z20044042,颗粒剂
https://item.jd.com/100036076876.html,100036076876,12.80,维和,维和小儿氨酚黄那敏颗粒,云南维和药业股份有限公司,小儿氨酚黄那敏颗粒,6克/袋*9袋/盒,国药准字H53021707,颗粒剂
https://item.jd.com/100024271843.html,100024271843,59.00,邦勊敏,邦勊敏富马酸卢帕他定片,北京四环科宝制药股份有限公司,富马酸卢帕他定片,10mg*3片,国药准字H20140097,片剂
https://item.jd.com/100015546423.html,100015546423,8.90,京新,京新琥乙红霉素片,浙江京新药业股份有限公司,琥乙红霉素片,0.125g*12片*2板,国药准字H33020212,片剂
https://item.jd.com/100028268186.html,100028268186,148.00,力美坚,力美坚他达拉非片,远大医药（中国）有限公司,他达拉非片,5mg*7片,国药准字H20213418,片剂
https://item.jd.com/100028268166.html,100028268166,88.00,力美坚,力美坚他达拉非片,远大医药（中国）有限公司,他达拉非片,5mg*4片,国药准字H20213418,片剂
https://item.jd.com/100037912612.html,100037912612,672.00,宝芝品,宝芝品灵芝孢子粉胶囊,北京长城制药有限公司,灵芝孢子粉胶囊,0.2g*90粒,国药准字B20050008,胶囊剂
https://item.jd.com/100036076558.html,100036076558,132.00,艾唐敏林,艾唐敏林消糖灵片,广东先通药业有限公司,消糖灵片,0.6g*12片*3板,国药准字Z20053721,片剂
https://item.jd.com/100035720556.html,100035720556,25.00,人福,人福盐酸二甲双胍缓释片 ,宜昌人福药业有限责任公司,盐酸二甲双胍缓释片,500mg*30片/瓶,国药准字H20203371,片剂
https://item.jd.com/100028605502.html,100028605502,858.00,达仁堂,达仁堂清宫寿桃丸,天津中新药业集团股份有限公司达仁堂制药厂,清宫寿桃丸,7g*6丸,国药准字Z12020286,丸剂
https://item.jd.com/100023214688.html,100023214688,55.00,G·U·M,G·U·MSUNSTAR GUM Procare含氟牙膏90g 高浓度氟1450ppm温和香草味 牙渍牙周病预防口臭,SUN,-,90g,-,-
https://item.jd.com/100017852275.html,100017852275,15.60,大洋,大洋金刚胶囊,哈尔滨大洋制药股份有限公司,金刚胶囊,0.43g*30粒,国药准字Z20050774,胶囊剂
https://item.jd.com/100035364802.html,100035364802,19.00,智唐,智唐格列吡嗪控释片,淄博万杰制药有限公司,格列吡嗪控释片,5mg*12片,国药准字H20046427,片剂
https://item.jd.com/100039606507.html,100039606507,99.00,益寺,益寺他达拉非片,重庆华邦制药有限公司,他达拉非片,5mg*8片,国药准字H20217087,片剂
https://item.jd.com/100036570950.html,100036570950,8.00,韩都,韩都喉舒宁片,遂成药业股份有限公司,喉舒宁片,0.25克*24片/盒,国药准字Z20043288,片剂
https://item.jd.com/100013709275.html,100013709275,52.00,朗生,朗生气血康口服液,宁波立华制药有限公司,气血康口服液,10ml*10支,国药准字Z20003073,合剂
https://item.jd.com/100025228945.html,100025228945,25.00,力唐宁（LingTangNing）,力唐宁伏格列波糖片,石家庄市华新药业有限责任公司,伏格列波糖片,0.2mg*10T,国药准字H20163123,片剂
https://item.jd.com/100045185777.html,100045185777,25.00,力唐宁（LingTangNing）,力唐宁伏格列波糖片,石家庄市华新药业有限责任公司,伏格列波糖片,0.2mg*10T,国药准字H20163123,片剂
https://item.jd.com/100044225725.html,100044225725,22.50,味禾,味禾碳酸钙二甲硅油咀嚼片,湖北虎泉药业有限公司,碳酸钙二甲硅油咀嚼片,12片*2板,国药准字H20052439,片剂
https://item.jd.com/100026503860.html,100026503860,32.00,元和,元和降糖宁胶囊,吉林省正和药业集团股份有限公司,降糖宁胶囊,0.4g*10粒*6板；,国药准字Z22023087,胶囊剂
https://item.jd.com/100034078857.html,100034078857,188.00,百年禾（BAINIANHE）,百年禾西洋参,九珍堂健康药业(苏州)股份有限公司,西洋参,50克/盒,无,-
https://item.jd.com/100044994293.html,100044994293,13.10,三零饮帝,三零饮帝八角茴香,安国润德药业有限公司,八角茴香,30g,无,-
https://item.jd.com/100045421489.html,100045421489,13.10,三零饮帝,三零饮帝黑芝麻,安国润德药业有限公司,黑芝麻,100g,无,-
https://item.jd.com/100033854139.html,100033854139,58.00,百年禾（BAINIANHE）,百年禾红景天 ,九珍堂健康药业(苏州)股份有限公司,红景天,70克,无,-
https://item.jd.com/100045421487.html,100045421487,13.10,三零饮帝,三零饮帝龙眼肉,安国润德药业有限公司,龙眼肉,45g,无,-
https://item.jd.com/100045421407.html,100045421407,13.10,三零饮帝,三零饮帝玫瑰花,安国润德药业有限公司,玫瑰花,30g,无,-
https://item.jd.com/100041894025.html,100041894025,171.00,苏紫堂,苏紫堂天麻粉,安徽康和中药科技有限公司,天麻粉,3g*30袋/盒,无,-
https://item.jd.com/100026561435.html,100026561435,29.00,天保发,天保发非那雄胺片,杭州康恩贝制药有限公司,非那雄胺片,1mg*10片/盒,国药准字H20160002,片剂
https://item.jd.com/100042204913.html,100042204913,85.00,苏紫堂,苏紫堂葛根粉,安徽康和中药科技有限公司,葛根粉,3g*30袋/盒,无,-
https://item.jd.com/100037257755.html,100037257755,398.00,万邦,万邦参归生发酊,杭州万邦天诚药业有限公司,参归生发酊,100ml/瓶,国药准字B20050042,其他
https://item.jd.com/100052330877.html,100052330877,25.00,禾沐康,禾沐康葛根,安徽康和中药科技有限公司,葛根,0.5kg/袋（统）,无,-
https://item.jd.com/100033033957.html,100033033957,258.00,百年禾（BAINIANHE）,百年禾西洋参,九珍堂健康药业(苏州)股份有限公司,西洋参,圆片50克*2瓶,无,-
https://item.jd.com/4219508.html,4219508,29.40,美莎欣,美莎欣美莎欣 美沙拉秦肠溶片 0.25g*36s,黑龙江天宏药业股份有限公司,美沙拉秦肠溶片,0.25g*36片,国药准字H20103359,片剂
https://item.jd.com/100019650003.html,100019650003,7.50,瑞华,瑞华知柏地黄丸,湖北瑞华制药有限责任公司,知柏地黄丸,200丸,国药准字Z20174047,丸剂
https://item.jd.com/100021506774.html,100021506774,248.00,长城,长城灵芝孢子粉胶囊,北京长城制药有限公司,灵芝孢子粉胶囊,0.2g*30粒,国药准字B20050008,胶囊剂
https://item.jd.com/100039327787.html,100039327787,80.00,朗美,朗美盐酸达泊西汀片,江苏联环药业股份有限公司,盐酸达泊西汀片,30mg*2片*2板,国药准字H20213945,片剂
https://item.jd.com/100027529316.html,100027529316,500.00,汉森,汉森缩泉胶囊 ,湖南汉森制药股份有限公司,缩泉胶囊,0.3g*60粒*10盒,国药准字Z19991039,胶囊剂
https://item.jd.com/100021698627.html,100021698627,248.00,扬子江龙凤堂,扬子江龙凤堂双花百合片,扬子江药业集团江苏龙凤堂中药有限公司,双花百合片,0.4g*18片/板*2板/盒,国药准字Z20123033,片剂
https://item.jd.com/100016185253.html,100016185253,215.00,本草綱目（HERBALPEDIA 1518）,本草綱目周公百岁酒,李时珍医药集团有限公司,周公百岁酒,500ml,国药准字Z42021696,其他
https://item.jd.com/100035464124.html,100035464124,59.00,宏兴,宏兴妇科白凤口服液,广东宏兴集团股份有限公司宏兴制药厂,妇科白凤口服液,10ml*6瓶,国药准字Z44022885,合剂
https://item.jd.com/100034160382.html,100034160382,73.30,京都念慈菴,京都念慈菴京都念慈菴蜜炼川贝枇杷膏+右美沙芬愈创甘油醚糖浆,京都念慈菴总厂有限公司/上海强生制药有限公司,京都念慈菴蜜炼川贝枇杷膏/右美沙芬愈创甘油醚糖浆,150ml/150ml,ZC20160005/国药准字H20143186,其他
https://item.jd.com/100051234625.html,100051234625,68.00,嘉应,嘉应双料喉风含片,广东嘉应制药股份有限公司,双料喉风含片,0.45g*36片,国药准字Z20040035,片剂
https://item.jd.com/100022190536.html,100022190536,26.90,百慈,百慈麦味地黄胶囊,贵州弘康药业有限公司,麦味地黄胶囊,0.35g*60粒,国药准字Z20090579,胶囊剂
https://item.jd.com/100043521397.html,100043521397,133.00,万胜,万胜生精片,贵州万胜药业有限责任公司,生精片,0.42g*36片,国药准字Z20090604,片剂
https://item.jd.com/100018790877.html,100018790877,168.00,朝花牌,朝花牌祛风舒筋丸,辽宁朝花药业有限公司,祛风舒筋丸,7g*6丸/盒*3小盒,国药准字Z21021005,丸剂
https://item.jd.com/100034296620.html,100034296620,33.00,沃华,沃华安神补心丸,山东沃华医药科技股份有限公司,安神补心丸,300丸,国药准字Z37021540,丸剂
https://item.jd.com/100039084418.html,100039084418,65.00,青春康源,青春康源六味安消丸,江西青春康源制药有限公司,六味安消丸,3g*6袋,国药准字Z20110027,丸剂
https://item.jd.com/100054390105.html,100054390105,72.90,丽芙,丽芙甲硝唑凝胶+阿达帕林凝胶,江苏知原药业股份有限公司/江苏福邦药业有限公司,甲硝唑凝胶/阿达帕林凝胶,20g：0.15g*40g/0.1% （30g：30mg）*35g,国药准字H10980213/国药准字H20113373,凝胶剂
https://item.jd.com/100034610485.html,100034610485,1188.00,齐鲁济水,齐鲁济水龟甲胶,山东济水阿胶有限公司,龟甲胶,250g,国药准字Z23020052,胶剂
https://item.jd.com/100024271835.html,100024271835,29.00,扶正,扶正贞芪扶正胶囊,甘肃扶正药业科技股份有限公司,贞芪扶正胶囊,36粒,国药准字Z62020414,胶囊剂
https://item.jd.com/100033625735.html,100033625735,328.00,百年禾（BAINIANHE）,百年禾 铁皮石斛,九珍堂健康药业(苏州)股份有限公司,铁皮石斛,50g,无,-
https://item.jd.com/100045421467.html,100045421467,13.10,三零饮帝,三零饮帝百合,安国润德药业有限公司,百合,60g,无,-
https://item.jd.com/100035098657.html,100035098657,15.50,澳立欣,澳立欣异康唑二氟可龙乳膏,澳美制药厂,异康唑二氟可龙乳膏,10g/支,HC20150068,乳膏剂
https://item.jd.com/100026385572.html,100026385572,73.00,阳光老人,阳光老人参乌健脑胶囊,河北百善药业有限公司,参乌健脑胶囊,0.3g*30粒,国药准字Z13020058,胶囊剂
https://item.jd.com/100035249326.html,100035249326,17.00,维和,维和桑菊感冒片,云南维和药业股份有限公司,桑菊感冒片,12片*2板*2袋,国药准字Z53021438,片剂
https://item.jd.com/100024598325.html,100024598325,148.00,汝立康,汝立康血复生片,吉林京辉药业股份有限公司,血复生片,0.3g*12片*3板*3盒,国药准字Z20063396,片剂
https://item.jd.com/100033944629.html,100033944629,59.00,旺龙,旺龙三合钙咀嚼片,山西旺龙药业集团有限公司,三合钙咀嚼片,90片,国药准字H14023464,片剂
https://item.jd.com/100022601511.html,100022601511,48.60,扶正,扶正海桂胶囊,甘肃扶正药业科技股份有限公司,海桂胶囊,0.42g*12粒*3板,国药准字Z20090151,胶囊剂
https://item.jd.com/100045234931.html,100045234931,13.10,三零饮帝,三零饮帝炒决明子,安国润德药业有限公司,炒决明子,120g,无,-
https://item.jd.com/100012180410.html,100012180410,1188.00,一笑堂,一笑堂鹿角胶,龟鹿药业集团有限公司,鹿角胶,250g/盒,国药准字Z20053963,胶剂
https://item.jd.com/100042837642.html,100042837642,78.20,佐力,佐力聚卡波非钙片,浙江佐力药业股份有限公司,聚卡波非钙片,0.5g*6片*2板/盒,国药准字H20213913,片剂
https://item.jd.com/100027114126.html,100027114126,308.00,鲁南,鲁南逍遥颗粒,山东新时代药业有限公司,逍遥颗粒,15g*10袋,国药准字Z37020355,颗粒剂
https://item.jd.com/100019981555.html,100019981555,468.00,敬修堂,敬修堂补肾填精丸,广州白云山敬修堂药业股份有限公司,补肾填精丸,42g/瓶*2盒,国药准字Z20025921,丸剂
https://item.jd.com/100023214654.html,100023214654,35.00,G·U·M,G·U·MSUNSTAR GUM Procare牙周护理牙膏50g 滋润牙龈护理 含氟牙膏 ,SUNSTAR GUM Procare株式会社,-,50g/支,-,-
https://item.jd.com/100008914291.html,100008914291,118.00,狮王（LION）,狮王日本进口狮王镇痛贴肩痛腰痛肌肉酸痛肩膀痛关节痛12枚冷感型,狮王制药株式会社,-,12枚/盒,-,-
https://item.jd.com/100019696621.html,100019696621,37.00,粤威,粤威辣椒风湿膏 ,广东粤威制药有限公司,辣椒风湿膏,9cm*6cm*5片*2袋/盒,国药准字Z44020465,贴膏剂
https://item.jd.com/100012053861.html,100012053861,58.00,G·U·M,G·U·MSUNSTAR GUM Procare牙膏85g 高浓度氟1450ppm 口腔护理预防口臭,SUNSTAR GUM Procare株式会社,-,85g,-,-
https://item.jd.com/100049160865.html,100049160865,50.00,康宝得维,康宝得维非洛地平缓释片,山西康宝生物制品股份有限公司,非洛地平缓释片,5mg*20片/盒,国药准字H10960179,片剂
https://item.jd.com/100018280947.html,100018280947,102.00,鲁南,鲁南 盐酸布替萘芬乳膏,鲁南贝特制药有限公司,盐酸布替萘芬乳膏,1%（10g：0.1g）,国药准字H20031310,乳膏剂
https://item.jd.com/100050758403.html,100050758403,299.00,唐洛泰,唐洛泰补虚消渴合剂,乐泰药业有限公司,补虚消渴合剂,10ml*28支/盒,国药准字B20020119,合剂（含口服液）
https://item.jd.com/100025755884.html,100025755884,13.00,三迪,三迪复方丹参片,云南楚雄天利药业有限公司,复方丹参片,0.32g*60片/瓶/盒,国药准字Z20090969,片剂
https://item.jd.com/100023278535.html,100023278535,1899.00,龙虎,龙虎风油精,上海中华药业南通有限公司,风油精,6ml/盒*480,国药准字Z32020200,搽剂
https://item.jd.com/100020943379.html,100020943379,88.00,安友,安友珍宝丸 ,内蒙古库伦蒙药有限公司,珍宝丸,30粒*2板,国药准字Z15020293,丸剂
https://item.jd.com/100034249938.html,100034249938,42.00,仁和,仁和肾石通颗粒,江西药都樟树制药有限公司,肾石通颗粒,15g*12袋,国药准字Z36021794,其他
https://item.jd.com/100012751588.html,100012751588,18.00,仁和,仁和格列吡嗪片,洛阳新春都生物制药有限公司,格列吡嗪片,5mg*15片*2板,国药准字H19983170,片剂
https://item.jd.com/100019067789.html,100019067789,28.00,泰华堂（taihuatang）,泰华堂桑菊感冒颗粒,四川泰华堂制药有限公司,桑菊感冒颗粒,11g*10袋,国药准字Z51020063,颗粒剂
https://item.jd.com/100051043639.html,100051043639,49.00,多普泰,多普泰银翘袋泡剂,重庆多代医药科技有限公司委托重庆市药研院制药有限公司生产,银翘袋泡剂,2g*12袋,国药准字Z50020508,茶剂
https://item.jd.com/100026805031.html,100026805031,135.30,科伦,科伦富马酸替诺福韦二吡呋酯片,四川科伦药业股份有限公司,富马酸替诺福韦二吡呋酯片,0.3g*30片/瓶/盒,国药准字H20203485,片剂
https://item.jd.com/100022700127.html,100022700127,29.00,扶正,扶正贞芪扶正胶囊,甘肃扶正药业科技股份有限公司,贞芪扶正胶囊,36粒,国药准字Z62020414,胶囊剂
https://item.jd.com/100015939725.html,100015939725,7.70,岷州,岷州舒心宁片,甘肃岷海制药有限责任公司,舒心宁片,0.3g*24片*3板,国药准字Z62021056,片剂
https://item.jd.com/100029056704.html,100029056704,22.00,岷州,岷州小儿感冒颗粒,甘肃岷海制药有限责任公司,小儿感冒颗粒,6g*10袋,国药准字Z62021061,颗粒剂
https://item.jd.com/100026006295.html,100026006295,135.30,科伦,科伦富马酸替诺福韦二吡呋酯片,四川科伦药业股份有限公司,富马酸替诺福韦二吡呋酯片,0.3g*30片/瓶/盒,国药准字H20203485,片剂
https://item.jd.com/100030693376.html,100030693376,15.00,四方同泰,四方同泰麝香壮骨膏,哈尔滨力强药业有限责任公司,麝香壮骨膏,7cm*10cm*8贴/盒,国药准字Z23021622,贴膏剂
https://item.jd.com/100035647724.html,100035647724,37.80,济仁,济仁康媛颗粒,黑龙江省济仁药业有限公司,康媛颗粒,18g*9袋/盒,国药准字Z20053338,颗粒剂
https://item.jd.com/100050063901.html,100050063901,138.00,禾沐康,禾沐康西红花,安徽惠丰国药有限公司,西红花,6g/瓶,无,-
https://item.jd.com/100020712774.html,100020712774,104.00,唯他停,唯他停盐酸舍曲林分散片,浙江京新药业股份有限公司,盐酸舍曲林分散片,50mg*14片*2板,国药准字H20090337,片剂
https://item.jd.com/100033463308.html,100033463308,29.50,德济,德济肤痒颗粒,吉林省华侨药业集团有限公司,肤痒颗粒,9g*6袋/盒,国药准字Z20053754,颗粒剂
https://item.jd.com/100019935136.html,100019935136,208.00,佐藤（SATO PHARMACEUTICAL）,佐藤Sato佐藤制药YUNKER EX营养补充150粒,佐藤制药株式会社,-,150片/盒,-,-
https://item.jd.com/100015470041.html,100015470041,361.50,丽珠,丽珠【幽门螺杆菌一周用量],丽珠集团丽珠制药厂/丽珠集团丽珠制药厂/丽珠集团丽珠制药厂/广州白云山医药集团股份有限公司白云山制药总厂,枸橼酸铋钾胶囊/艾普拉唑肠溶片/克拉霉素片/阿莫西林胶囊,0.3g*20粒*3盒/5mg*6片*3盒/0.25g*6片*5盒/0.25g*50粒*2盒,国药准字H10920098/国药准字H20070256/国药准字H10960227 /国药准字H44021518,片剂
https://item.jd.com/100038998052.html,100038998052,75.90,Natural Castle,Natural Castle维生素AD滴剂(胶囊型) ,烟台元生药业有限公司,维生素AD滴剂(胶囊型),10粒/板*2板/盒 *3盒,国药准字H20055430,滴剂
https://item.jd.com/100038998054.html,100038998054,73.00,Natural Castle,Natural Castle维生素AD滴剂(胶囊型) ,烟台元生药业有限公司,维生素AD滴剂(胶囊型),10粒/板*2板/盒*3盒,国药准字H20055429,滴剂
https://item.jd.com/100038998066.html,100038998066,25.80,Natural Castle,Natural Castle维生素AD滴剂(胶囊型) ,烟台元生药业有限公司,维生素AD滴剂(胶囊型),10粒/板*2板/盒,国药准字H20055430,滴剂
https://item.jd.com/100022576489.html,100022576489,25.80,Natural Castle,Natural Castle维生素AD滴剂(胶囊型) ,烟台元生药业有限公司,维生素AD滴剂(胶囊型),10粒/板*2板/盒,国药准字H20055429,滴剂
https://item.jd.com/100022576485.html,100022576485,229.00,Natural Castle,Natural Castle维生素AD滴剂(胶囊型) ,烟台元生药业有限公司,维生素AD滴剂(胶囊型),10粒/板*2板/盒 *10盒,国药准字H20055430,滴剂
https://item.jd.com/100038998064.html,100038998064,139.00,Natural Castle,Natural Castle维生素AD滴剂(胶囊型) ,烟台元生药业有限公司,维生素AD滴剂(胶囊型),10粒/板*2板/盒*6盒,国药准字H20055429,滴剂
https://item.jd.com/100038998082.html,100038998082,139.00,Natural Castle,Natural Castle维生素AD滴剂(胶囊型) ,烟台元生药业有限公司,维生素AD滴剂(胶囊型),10粒/板*2板/盒 *6盒,国药准字H20055430,滴剂
https://item.jd.com/100023990811.html,100023990811,229.00,Natural Castle,Natural Castle维生素AD滴剂(胶囊型) ,烟台元生药业有限公司,维生素AD滴剂(胶囊型),10粒/板*2板/盒*10盒,国药准字H20055429,滴剂
https://item.jd.com/100053040441.html,100053040441,29.80,白云山,白云山别嘌醇片,广州白云山医药集团股份有限公司白云山制药总厂,别嘌醇片,0.1g*12片*1板,国药准字H44021492,片剂
https://item.jd.com/100040909020.html,100040909020,198.00,多普泰,多普泰八珍袋泡茶,重庆多代医药科技有限公司委托重庆市药研院制药有限公司生产,八珍袋泡茶,2.4g*40袋,国药准字Z50020503,茶剂
https://item.jd.com/100028775134.html,100028775134,9.00,珍芝堂,珍芝堂荡石片,吉林省辉南三和制药有限公司,荡石片,12片/板*4板/盒,国药准字Z22021732,片剂
https://item.jd.com/100009402359.html,100009402359,75.00,华海,华海左乙拉西坦片,浙江华海药业股份有限公司,左乙拉西坦片,500mg*30片,国药准字H20203043,片剂
https://item.jd.com/100044806447.html,100044806447,148.00,圣博康,圣博康多维元素分散片(21),浙江圣博康药业有限公司,多维元素分散片(21),90片/盒,国药准字H20070273,片剂
https://item.jd.com/100036836023.html,100036836023,44.00,宇妥,宇妥三味龙胆花片,宇妥藏药股份有限公司,三味龙胆花片,0.5g*12片*4板,国药准字Z20100069,片剂
https://item.jd.com/100030445728.html,100030445728,23.00,张恒春,张恒春黄连上清片,芜湖张恒春药业有限公司,黄连上清片,0.3g*24片*2板,国药准字Z34020103,片剂
https://item.jd.com/100015345541.html,100015345541,8.00,汇仁,汇仁维生素AD滴剂,安徽威尔曼制药有限公司,维生素AD滴剂,8粒*2板,国药准字H20084482,其他
https://item.jd.com/100028161464.html,100028161464,26.00,汇仁,汇仁维生素AD滴剂,安徽威尔曼制药有限公司,维生素AD滴剂,10粒*4板,国药准字H20084482,其他
https://item.jd.com/4250081.html,4250081,19.50,同仁堂（TRT）,同仁堂强肾镇痛丸 6g*10丸,北京同仁堂股份有限公司同仁堂制药厂,强肾镇痛丸,6g*10丸,国药准字Z11020673,丸剂
https://item.jd.com/100043623719.html,100043623719,14.50,永信,永信曲安奈德益康唑乳膏,永信药品工业(昆山)股份有限公司,曲安奈德益康唑乳膏,28g/支,国药准字H20010023,乳膏剂
https://item.jd.com/100022959264.html,100022959264,16.80,药友,药友逸宁 宁心宝胶囊 0.25g*24粒,重庆药友制药有限责任公司,宁心宝胶囊,0.25g*24粒,国药准字Z50020604,胶囊剂
https://item.jd.com/100037677364.html,100037677364,19.40,迪沙,迪沙庆大霉素普鲁卡因维B12颗粒,迪沙药业集团有限公司,庆大霉素普鲁卡因维B12颗粒,6袋/盒,国药准字H37023367,颗粒剂
https://item.jd.com/100025772451.html,100025772451,166.00,金合,金合牛黄清心丸（局方）,吉林市鹿王制药股份有限公司,牛黄清心丸（局方）,3g*6丸,国药准字Z22023438,丸剂
https://item.jd.com/100045857388.html,100045857388,91.00,丽芙,丽芙尿素乳膏+联苯苄唑溶液,遂成药业股份有限公司/江苏知原药业股份有限公司,尿素乳膏/联苯苄唑溶液,（10克：1克）*30克/25毫升：250毫克*60ml*2盒,国药准字H41022147/国药准字H20066175,其他
https://item.jd.com/8251060.html,8251060,30.60,本草綱目（HERBALPEDIA 1518）,本草綱目壮腰健肾丸,李时珍医药集团有限公司,壮腰健肾丸,60g,国药准字Z42020564,丸剂
https://item.jd.com/100041417538.html,100041417538,39.80,汇仁,汇仁右布洛芬片,江西汇仁药业股份有限公司,右布洛芬片,0.2g*12片/瓶/盒,国药准字H20020155,片剂
https://item.jd.com/100014527321.html,100014527321,98.00,白马,白马桑椹膏,江西杏林白马药业股份有限公司,桑椹膏,200g,国药准字Z36021026,煎膏剂
https://item.jd.com/100022161414.html,100022161414,845.00,英立达（INLYTA）,英立达阿昔替尼片,Pfizer Manufacturing Deutschland GmbH，Betriebsstatte Freiburg,阿昔替尼片,1mg*14片,H20150220,片剂
https://item.jd.com/100050819507.html,100050819507,98.00,宁宁,宁宁正柴胡饮合剂,精华制药集团股份有限公司,正柴胡饮合剂,100ml*1瓶,国药准字Z20090749,合剂
https://item.jd.com/100026930544.html,100026930544,240.00,本草綱目（HERBALPEDIA 1518）,本草綱目七宝美髯丸,李时珍医药集团有限公司,七宝美髯丸,60g*5盒,国药准字Z20026534,丸剂
https://item.jd.com/100029951848.html,100029951848,,泰恩康,泰恩康杞菊地黄丸(浓缩丸),马鞍山天福康药业有限公司,杞菊地黄丸(浓缩丸),240丸,国药准字Z34020795,丸剂
https://item.jd.com/100045565754.html,100045565754,44.40,川石,川石组套,河南大新药业有限公司/武汉诺安药业有限公司,红霉素软膏/阿达帕林凝胶,1%*8g/盒/0.1%（30g：30mg）*25g,国药准字H41021901/国药准字H20173406,其他
https://item.jd.com/100023561617.html,100023561617,17.00,金日,金日酮康唑乳膏,金日制药（中国）有限公司,酮康唑乳膏,10g：0.2g*25g*1支/盒,国药准字H20054583,乳膏剂
https://item.jd.com/100036570984.html,100036570984,9.90,韩都,韩都复方鱼腥草片,遂成药业股份有限公司,复方鱼腥草片,0.41克*12片*3板/盒,国药准字Z20043562,片剂
https://item.jd.com/100032817499.html,100032817499,42.00,陇神,陇神元胡止痛滴丸,甘肃陇神戎发药业股份有限公司,元胡止痛滴丸,30丸*10袋,国药准字Z20010024,滴丸剂
https://item.jd.com/100052382747.html,100052382747,385.00,安律凡,安律凡阿立哌唑口服溶液,四川大冢制药有限公司,阿立哌唑口服溶液,150ml;150mg,国药准字H20223529,其他
https://item.jd.com/100018030323.html,100018030323,32.00,培邦,培邦明目地黄丸,湖北瑞华制药有限责任公司,明目地黄丸,400丸/盒,国药准字Z20174048,丸剂
https://item.jd.com/100038207907.html,100038207907,58.00,鸿茅,鸿茅灵芝孢子粉(破壁),安徽德昌药业股份有限公司,灵芝孢子粉(破壁),1g*3袋,无,-
https://item.jd.com/100036638569.html,100036638569,1198.00,鸿茅,鸿茅灵芝孢子粉(破壁),安徽德昌药业股份有限公司,灵芝孢子粉(破壁),1g*30袋*2,无,-
https://item.jd.com/100036638577.html,100036638577,599.00,鸿茅,鸿茅灵芝孢子粉(破壁),安徽德昌药业股份有限公司,灵芝孢子粉(破壁),1g*30袋,无,-
https://item.jd.com/100011662643.html,100011662643,218.00,白马,白马桑椹膏,江西杏林白马药业股份有限公司,桑椹膏,200g*2瓶,国药准字Z36021026,煎膏剂
https://item.jd.com/100036294088.html,100036294088,38.00,敖喜,敖喜枳陈消食口服液,吉林省东北亚药业股份有限公司,枳陈消食口服液,10ml*6支,国药准字B20020142,其他
https://item.jd.com/100052352713.html,100052352713,24.90,洛芙,洛芙盐酸特比萘芬喷雾剂,江苏知原药业股份有限公司,盐酸特比萘芬喷雾剂,1%（15ml：0.15g）*30ml*1瓶/盒,国药准字H20173127,喷雾剂
https://item.jd.com/100012351596.html,100012351596,529.00,一笑堂,一笑堂阿胶,龟鹿药业集团有限公司,阿胶,250g/盒,国药准字Z41020163,胶剂
https://item.jd.com/100011662637.html,100011662637,115.00,顶俏,顶俏奥利司他胶囊,湖南明瑞制药有限公司,奥利司他胶囊,60mg*6粒*4板,国药准字H20183303,胶囊剂
https://item.jd.com/100029336596.html,100029336596,61.00,药王孙真人,药王孙真人桂附地黄丸(浓缩丸),河南省济源市济世药业有限公司,桂附地黄丸(浓缩丸),480丸,国药准字Z41020004,丸剂
https://item.jd.com/100042760078.html,100042760078,109.60,禾沐康,禾沐康甘草片,安徽惠丰国药有限公司,甘草片,0.5kg/袋（统）,无,-
https://item.jd.com/100054270159.html,100054270159,28.80,恩威,恩威环吡酮胺乳膏,湖北科田药业有限公司,环吡酮胺乳膏,10g：0.1g*30g,国药准字H10890006,乳膏剂
https://item.jd.com/100032952636.html,100032952636,20.00,慧宝源,慧宝源桑菊感冒合剂,广西慧宝源医药科技有限公司,桑菊感冒合剂,100毫升,国药准字Z45020335,合剂
https://item.jd.com/100039606013.html,100039606013,47.80,立丞,立丞鼻炎宁胶囊,福建省泉州罗裳山制药厂,鼻炎宁胶囊,0.3克*15粒*3板,国药准字Z20026594,胶囊剂
https://item.jd.com/100044320044.html,100044320044,12.28,仙琚,仙琚丁酸氢化可的松乳膏,浙江仙琚制药股份有限公司,丁酸氢化可的松乳膏,0.1%*10g,国药准字H20093962,乳膏剂
https://item.jd.com/100024760951.html,100024760951,298.00,汝立康,汝立康壮腰健肾片,吉林福辉药业股份有限公司,壮腰健肾片,15片*3板*8盒/中盒,国药准字Z22021050,片剂
https://item.jd.com/100040441965.html,100040441965,68.00,颈复康,颈复康阿胶补血口服液,颈复康药业集团有限公司,阿胶补血口服液,10ml*16支,国药准字Z20054641,合剂（含口服液）
https://item.jd.com/100054371965.html,100054371965,49.90,康恩贝,康恩贝葡萄糖酸锌口服溶液,广西方略药业集团有限公司,葡萄糖酸锌口服溶液,10ml：35mg*10ml/支*21支,国药准字H20083945,溶液剂
https://item.jd.com/100051927581.html,100051927581,15.00,美匠师,美匠师甲硝唑凝胶,天津市天骄制药有限公司,甲硝唑凝胶,10g：75mg*10g,国药准字H19990244,凝胶剂
https://item.jd.com/100022276431.html,100022276431,16.00,禾沐康,禾沐康杞菊地黄丸（浓缩丸）,上海宝龙安庆药业有限公司,杞菊地黄丸（浓缩丸）,208丸/瓶,国药准字Z34020557,丸剂
https://item.jd.com/100047405590.html,100047405590,17.90,禾沐康,禾沐康甘草片,安徽康和中药科技有限公司,甘草片,100g/瓶（特选）,无,-
https://item.jd.com/100019696859.html,100019696859,198.90,川抗,川抗吗替麦考酚酯分散片,国药集团川抗制药有限公司,吗替麦考酚酯分散片,0.25g*8片*6板,国药准字H20080724,片剂
https://item.jd.com/100026180272.html,100026180272,1979.00,豪森,豪森甲磺酸氟马替尼片,江苏豪森药业集团有限公司,甲磺酸氟马替尼片,0.2g*10片*3板,国药准字H20190033,片剂
https://item.jd.com/5347944.html,5347944,39.60,同仁堂,同仁堂加味感冒丸,北京同仁堂股份有限公司同仁堂制药厂,加味感冒丸,4g*10袋,国药准字Z20025712,丸剂
https://item.jd.com/100041608890.html,100041608890,19.80,润美康医药（MEDI‘CARE）,润美康医药阿奇霉素干混悬剂 ,哈尔滨儿童制药厂有限公司,阿奇霉素干混悬剂,0.1g*10袋,国药准字H20103048,混悬剂
https://item.jd.com/100037142418.html,100037142418,46.00,阜药,阜药清肺十八味丸,阜新蒙药有限责任公司,清肺十八味丸(敖西根-18）,每10粒重1g 30粒/袋*4袋/小盒*2小盒,国药准字Z21020270,丸剂
https://item.jd.com/100039326615.html,100039326615,25.00,朗美,朗美非布司他片,山东朗诺制药有限公司,非布司他片,40mg*10片*1板,国药准字H20213864,片剂
https://item.jd.com/100053234195.html,100053234195,839.60,伊疏（YISHU）,伊疏阿仑膦酸钠片,扬子江药业集团上海海尼药业有限公司/扬子江药业集团四川海蓉药业有限公司,阿仑膦酸钠片/香芍颗粒,10mg*7片/盒*2盒/4g*3袋/盒*14盒,国药准字H20065637/国药准字Z20050425,其他
https://item.jd.com/100025087951.html,100025087951,17.09,万通,万通万通筋骨康贴,通化万通药业股份有限公司,万通筋骨康贴,7cm*10cm*4贴,国药准字Z22021006,贴剂
https://item.jd.com/100035392114.html,100035392114,43.70,卫达,卫达巴氯芬片,卫达化学制药股份有限公司,巴氯芬片,10mg*20片,HC20171015,片剂
https://item.jd.com/100036480070.html,100036480070,98.00,双鲸,悦而维生素D滴剂,青岛双鲸药业股份有限公司,维生素D滴剂,每粒含维生素D3 400单位（胶囊一次性包装）*5*12粒/板/盒,国药准字H20113033,滴剂
https://item.jd.com/100019370671.html,100019370671,56.40,999,999尪痹胶囊0.55gx60粒,辽宁华润本溪三药有限公司,尪痹胶囊,15粒/板*4板（每粒装0.55g）,国药准字Z20080096,胶囊剂
https://item.jd.com/100027803919.html,100027803919,1120.00,吉月,吉月马来酸阿法替尼片,正大天晴药业集团股份有限公司,马来酸阿法替尼片,40mg*7片,国药准字H20203716,片剂
https://item.jd.com/100035757332.html,100035757332,14.95,同仁堂（TRT）,同仁堂跌打丸,北京同仁堂科技发展股份有限公司制药厂,跌打丸,3g*6丸/盒,国药准字Z11020484,丸剂
https://item.jd.com/4762602.html,4762602,287.60,万菲乐,万菲乐枸橼酸西地那非片,江苏亚邦爱普森药业有限公司,枸橼酸西地那非片,0.1g*10片/盒,国药准字H20150003,片剂
https://item.jd.com/100038472298.html,100038472298,16.00,禾沐康,禾沐康补中益气丸（浓缩丸）,上海宝龙安庆药业有限公司,补中益气丸（浓缩丸）,208丸/瓶,国药准字Z34020589,丸剂
https://item.jd.com/100025229023.html,100025229023,227.00,鼎快,鼎快碳酸镧咀嚼片,湖南明瑞制药有限公司,碳酸镧咀嚼片,500mg*20片,国药准字H20203039,片剂
https://item.jd.com/100040218937.html,100040218937,698.00,中和,中和氟尿嘧啶口服乳,湖南中和制药有限公司,氟尿嘧啶口服乳,10ml：0.1785g*10ml*10支,国药准字H43021906,口服乳剂
https://item.jd.com/100035256047.html,100035256047,92.00,同仁堂（TRT）,同仁堂都梁丸,北京同仁堂股份有限公司同仁堂制药厂,都梁丸,9克*10丸,国药准字Z11021020,丸剂
https://item.jd.com/100013934805.html,100013934805,23.00,同仁堂（TRT）,同仁堂60g*1瓶/盒,北京同仁堂股份有限公司同仁堂制药厂,五子衍宗丸,60g(每100粒重10g),国药准字Z11020188,丸剂
https://item.jd.com/100020463597.html,100020463597,390.00,东阿阿胶,东阿阿胶20ml*48支,东阿阿胶股份有限公司,复方阿胶浆,20ml*48支,国药准字Z20083345,合剂
https://item.jd.com/100018535802.html,100018535802,39.90,金诃,金诃九味牛黄丸 ,金诃藏药股份有限公司,九味牛黄丸,0.5g*20丸/盒,国药准字Z63020051,丸剂
https://item.jd.com/100021313414.html,100021313414,49.00,凯妮汀,凯妮汀克霉唑阴道片,Bayer AG/拜耳医药保健有限公司启东分公司,克霉唑阴道片,0.5g*1片,H20181184；国药准字J20130174,片剂
https://item.jd.com/100007637575.html,100007637575,459.00,依尼舒,依尼舒达沙替尼片,正大天晴药业集团股份有限公司,达沙替尼片,50mg*7片,国药准字H20133272,片剂
https://item.jd.com/100020530643.html,100020530643,27.00,皇龙至通,皇龙至通匹伐他汀钙片,北京百奥药业有限责任公司,匹伐他汀钙片,2mg*7片*2板,国药准字H20213041,片剂
https://item.jd.com/100040018567.html,100040018567,9.90,华北制药,华北制药人工牛黄甲硝唑胶囊,华北制药股份有限公司,人工牛黄甲硝唑胶囊,12粒*2板,国药准字H13023577,胶囊剂
https://item.jd.com/100025771987.html,100025771987,33.00,同仁堂（TRT）,同仁堂五子衍宗丸9克*10丸,北京同仁堂股份有限公司同仁堂制药厂,五子衍宗丸,9g*10丸/盒,国药准字Z11020141,丸剂
https://item.jd.com/100020969629.html,100020969629,298.00,陈李济,陈李济舒筋健腰丸,广州白云山陈李济药厂有限公司,舒筋健腰丸,120g,国药准字Z44021058,丸剂
https://item.jd.com/100035256521.html,100035256521,9.90,同仁堂（TRT）,同仁堂牛黄解毒片,北京同仁堂科技发展股份有限公司制药厂,牛黄解毒片,0.27克×10片×3板,国药准字Z11020452,片剂
https://item.jd.com/100025892023.html,100025892023,245.00,爱乐维（Menevit）,爱乐维复合维生素片,Bayer S.A./分包装 拜耳医药保健有限公司启东分公司,复合维生素片,30片*2盒,国药准字J20140155 （H20140354）,片剂
https://item.jd.com/100034179868.html,100034179868,62.10,思卫卡,思卫卡奥美沙坦酯氨氯地平片,第一三共制药(上海)有限公司,奥美沙坦酯氨氯地平片,20mg：5mg*7片,国药准字H20180009,片剂
https://item.jd.com/100046437247.html,100046437247,88.00,莱兹,莱兹他克莫司软膏 0.03%（10g：3mg）10g/支,浙江万晟药业有限公司,他克莫司软膏,0.03%*10g,国药准字H20133243,其他
https://item.jd.com/100020083222.html,100020083222,40.00,胡庆余堂,胡庆余堂沉香化气胶囊,杭州胡庆余堂药业有限公司,沉香化气胶囊,0.45g*12粒*2板,国药准字Z20010066,胶囊剂
https://item.jd.com/100035256029.html,100035256029,1280.00,同仁堂（TRT）,同仁堂参茸丸 10g*30丸,北京同仁堂股份有限公司同仁堂制药厂,参茸丸,10g*30丸/盒,国药准字Z11021128,丸剂
https://item.jd.com/100035757308.html,100035757308,28.75,同仁堂（TRT）,同仁堂9克*10丸,北京同仁堂股份有限公司同仁堂制药厂,地榆槐角丸,9g*10丸/盒,国药准字Z11020100,丸剂
https://item.jd.com/100015085996.html,100015085996,278.00,三精,三精葡萄糖酸锌口服溶液,哈药集团三精制药有限公司,葡萄糖酸锌口服溶液,10ml*90支,国药准字H20173013,溶液剂
https://item.jd.com/100035256189.html,100035256189,159.00,同仁堂（TRT）,同仁堂9克*10丸,北京同仁堂股份有限公司同仁堂制药厂,加味青娥丸,9g*10丸,国药准字Z11021105,丸剂
https://item.jd.com/100048061051.html,100048061051,18.00,巧仁堂,巧仁堂铝碳酸镁咀嚼片,广西南宁百会药业集团有限公司,铝碳酸镁咀嚼片,0.5g*18片/盒,国药准字H10960262,片剂
https://item.jd.com/100024125620.html,100024125620,69.00,美琛,美琛聚维酮碘药膜,中山万汉制药有限公司,聚维酮碘药膜,50mg*2片*7袋,国药准字H20178001,其他
https://item.jd.com/100041415916.html,100041415916,175.00,中智,中智西洋参,广东云智中药饮片有限公司,西洋参,110g/瓶,无,-
https://item.jd.com/100054820213.html,100054820213,13.90,禾沐康,禾沐康罗汉果,安徽惠丰国药有限公司,罗汉果,2个（大号）,无,-
https://item.jd.com/100051932323.html,100051932323,9.90,京东,京东京东大药房金水宝时珍卡45元面值（电子卡）,-,-,-,-,-
https://item.jd.com/100045325423.html,100045325423,150.00,京东,京东京东大药房时珍卡150元面值（电子卡）限大客户采购,-,-,-,-,-
https://item.jd.com/100053777413.html,100053777413,22.00,白云山,白云山联苯苄唑乳膏,广州白云山医药集团股份有限公司白云山何济公制药厂,联苯苄唑乳膏,10g：0.1g*20g/支/盒,国药准字H10960225,乳膏剂
https://item.jd.com/100033348379.html,100033348379,1960.00,同仁堂（TRT）,同仁堂铁皮石斛(耳环石斛)	 ,北京同仁堂(安国)中药饮片有限责任公司,铁皮石斛(耳环石斛),80g*2瓶,无,-
https://item.jd.com/100044436280.html,100044436280,500.00,京东,京东双鹤药业时珍卡500元面额（电子卡) 仅限购买双鹤品牌指定自营药品 ,-,-,-,-,-
https://item.jd.com/100044436324.html,100044436324,15.00,京东,京东双鹤药业时珍卡15元面额（电子卡) 仅限购买双鹤品牌指定自营药品,-,-,-,-,-
https://item.jd.com/100044551534.html,100044551534,200.00,京东,京东【买卡自动赠卡】双鹤药业时珍卡200元赠15元&500元赠50,-,-,-,-,-
https://item.jd.com/100053448261.html,100053448261,50.00,京东,京东双鹤药业时珍卡50元面额（电子卡) 仅限购买双鹤品牌指定自营药品 ,-,-,-,-,-
https://item.jd.com/100053448283.html,100053448283,200.00,京东,京东双鹤药业时珍卡200元面额（电子卡) 仅限购买双鹤品牌指定自营药品 ,-,-,-,-,-
https://item.jd.com/100046889431.html,100046889431,300.00,京东,京东勃林格殷格翰时珍卡300元面值（电子卡）仅限购买勃林格殷格翰品牌自营药品,-,-,-,-,-
https://item.jd.com/100046786403.html,100046786403,36999.00,罗氏,罗氏恩曲替尼胶囊,Mayne Pharma Inc./包装厂： F. Hoffmann-La Roche Ltd,恩曲替尼胶囊,200mg*90粒/瓶,国药准字HJ20220069,胶囊剂
https://item.jd.com/100025039207.html,100025039207,50.00,京东,京东必利劲时珍卡50元面值（电子卡）仅限购买必利劲品牌自营药品 仅支持京东APP端下单,-,-,-,-,-
https://item.jd.com/100026647504.html,100026647504,1371.00,豪森,豪森苹果酸舒尼替尼胶囊,江苏豪森药业集团有限公司,苹果酸舒尼替尼胶囊,12.5mg*7粒*1板*2袋,国药准字H20203186,片剂
https://item.jd.com/100029560798.html,100029560798,,常药,常药来那度胺胶囊,常州制药厂有限公司,来那度胺胶囊,5mg*7粒/板*3板*1袋/盒,国药准字H20213802,胶囊剂
https://item.jd.com/100051234513.html,100051234513,500.00,京东,京东金丐时珍卡500元面值（电子卡）仅限购买金丐品牌自营药品,-,-,-,-,-
https://item.jd.com/100051932309.html,100051932309,50.00,京东,京东京东大药房金水宝时珍卡50元面值（电子卡）,-,-,-,-,-
https://item.jd.com/100054912761.html,100054912761,100.00,京东,京东九典时珍卡100元面值（电子卡）仅限购买九典品牌自营药品,-,-,-,-,-
https://item.jd.com/100042584681.html,100042584681,10.00,京东,京东胡庆余堂时珍卡10元面值（电子卡）仅限购买胡庆余堂胃复春胶囊自营药品,-,-,-,-,-
https://item.jd.com/100045308312.html,100045308312,38.00,京东,京东京东大药房时珍卡38元面值（电子卡）,-,-,-,-,-
https://item.jd.com/100037852515.html,100037852515,100.00,京东,京东南京正大天晴时珍卡100元面值（电子卡）仅限购买南京正大天晴品牌自营药品 仅支持京东APP端下单,-,-,-,-,-
https://item.jd.com/100039919833.html,100039919833,200.00,京东,京东艾仕法时珍卡200元面值（电子卡）仅限购买艾仕法品牌自营药品 仅支持京东APP端下单,-,-,-,-,-
https://item.jd.com/100043639986.html,100043639986,73.00,苏中,海殿黄葵胶囊,苏中药业集团股份有限公司,黄葵胶囊,0.43g*15粒/板*4板/盒,国药准字Z19990040,胶囊剂
https://item.jd.com/100045292839.html,100045292839,1000.00,京东,京东扬子江时珍卡1000元面值（电子卡）仅限购买扬子江品牌自营药品,-,-,-,-,-
https://item.jd.com/100033252619.html,100033252619,200.00,京东,京东京东大药房参天护眼好物时珍卡200元面值（电子卡）,-,-,-,-,-
https://item.jd.com/100045857640.html,100045857640,68.80,丽芙,丽芙尿素乳膏+盐酸特比萘芬喷雾剂,遂成药业股份有限公司/江苏知原药业股份有限公司,尿素乳膏/盐酸特比萘芬喷雾剂,（10克：1克）*30克/1%(15毫升：0.15克)*40ml*2,国药准字H41022147/国药准字H20173127,其他
https://item.jd.com/100024111463.html,100024111463,50.00,京东,京东广誉远时珍卡50元面值（电子卡）仅限购买广誉远品牌自营药品,-,-,-,-,-
https://item.jd.com/100024111471.html,100024111471,100.00,京东,京东广誉远时珍卡100元面值（电子卡）仅限购买广誉远品牌自营药品,-,-,-,-,-
https://item.jd.com/100025328720.html,100025328720,56.00,科糖恩,科糖恩恩格列净片,四川科伦药业股份有限公司,恩格列净片,10mg*10片,国药准字H20203411,片剂
https://item.jd.com/100042584695.html,100042584695,300.00,京东,京东有时力时珍卡300元面值（电子卡）仅限购买有时力品牌自营药品,-,-,-,-,-
https://item.jd.com/100044142453.html,100044142453,20.00,京东,京东21金维他时珍卡20元面值（电子卡）仅限购买21金维他品牌自营部分药品,-,-,-,-,-
https://item.jd.com/100022144929.html,100022144929,41.00,三花,三花补中益气丸,内蒙古大唐药业股份有限公司,补中益气丸,6g*6袋,国药准字Z15020071,丸剂
https://item.jd.com/100053013837.html,100053013837,799.00,莎普爱思,莎普爱思莎普健脾灵芝孢子油软胶囊,浙江莎普爱思药业股份有限公司委托杭州麦金励生物科技有限公司。,莎普健脾灵芝孢子油软胶囊,0.5g/粒*30粒/瓶*2瓶/盒,国食健注G20140421,其他
https://item.jd.com/100021911113.html,100021911113,36.90,大唐,大唐六味地黄丸,内蒙古大唐药业股份有限公司,六味地黄丸,6g*6袋,国药准字Z15020122,丸剂
https://item.jd.com/100039336381.html,100039336381,250.00,京东,京东泰德制药时珍卡250元面值（电子卡）仅限购买泰德制药品牌自营药品 仅支持京东APP端下单,-,-,-,-,-
https://item.jd.com/100045148293.html,100045148293,50.00,京东,京东九芝堂时珍卡50元面值（电子卡）仅限购买九芝堂品牌自营药品,-,-,-,-,-
https://item.jd.com/100047226075.html,100047226075,80.00,京东,京东勃林格殷格翰时珍卡80元面值（电子卡）仅限购买勃林格殷格翰品牌自营药品,-,-,-,-,-
https://item.jd.com/100037852147.html,100037852147,30.00,京东,京东英特时珍卡30元面值（电子卡）仅限购买英特品牌自营药品 仅支持京东APP端下单,-,-,-,-,-
https://item.jd.com/100054195609.html,100054195609,39.00,东阿,东阿骨龙胶囊,东阿阿胶股份有限公司,骨龙胶囊,0.5g*24粒,国药准字Z37021385,胶囊剂
