page,main_sku_id,drug_name,url,sku_id,price
113,100029053438,济悦 盐酸托哌酮胶囊 50mg*12粒*2板 脑动脉硬化 脑血管意外后遗症,//item.jd.com/100029053438.html,100029053438,20.40
113,100009998793,国风 苦金片0.41克*12片 清热利咽 消肿止痛 主治急性咽炎 咽痛红肿,//item.jd.com/100009998793.html,100009998793,29.80
113,100018488548,金诃 二十五味松石丸 0.25g*12丸/盒 清热解毒 疏肝利胆 用于肝郁气滞 血瘀 肝硬化 急慢性肝炎 胆囊炎,//item.jd.com/100018488548.html,100018488548,34.90
113,100032681442,禾沐康 健胃消食片 0.5*12片/板*6板/盒 健胃消食 脾胃虚弱所致的食积 不思饮食 嗳腐酸臭 脘腹胀满 消化不良,//item.jd.com/100032681442.html,100032681442,7.00
113,100032523901,葫芦妈 养血当归糖浆10ml*18袋/盒 月经不调行经腹痛贫血虚弱产后体虚萎黄肌瘦血虚补气血调经,//item.jd.com/100032523901.html,100032523901,118.00
113,100016974731,金太子 益母草膏125g 活血调经 用于血瘀所致的月经不调 症见经水量少,//item.jd.com/100016974731.html,100016974731,9.50
113,100029562114,海王 海王 格列齐特片 80mg*60片,//item.jd.com/100029562114.html,100029562114,20.40
113,100037193037,百灵鸟 康尔心胶囊0.4g*36粒,//item.jd.com/100037193037.html,100037193037,19.90
113,100045427964,仲景 通脉颗粒 10g*12袋/盒 活血通脉,//item.jd.com/100045427964.html,100045427964,31.60
113,100026561463,致康 生精片 0.5g*12片*3板,//item.jd.com/100026561463.html,100026561463,177.00
113,100019364955,伍舒芳 希尔安 麝香海马追风膏 7cm*10cm*5片/盒 驱风散寒 活血止痛,//item.jd.com/100019364955.html,100019364955,51.00
113,4321268,北京同仁堂 感冒水 5ml*6瓶 散风解热 用于外感风寒所致头痛发热鼻塞流涕骨节酸痛,//item.jd.com/4321268.html,4321268,24.60
113,100040357453,花红 葛根芩连丸1g*12袋 清热解毒利湿止泻泄泻腹痛便黄而黏肛门灼热发热恶风头痛身痛,//item.jd.com/100040357453.html,100040357453,41.00
113,100020393235,仁和 十二乌鸡白凤丸6g*20袋/盒清虚热补气血妇女体瘦月经不调手足心热赤白带下,//item.jd.com/100020393235.html,100020393235,36.50
113,100039899716,天草丹参保心茶2.5g*30袋 活血化瘀，用于心血瘀阻型胸痹的辅助治疗可缓解胸闷、心痛、心悸。,//item.jd.com/100039899716.html,100039899716,138.00
113,100041894019,苏紫堂 山楂粉 3g*30袋/盒 消食健胃 行气散瘀 精制饮片,//item.jd.com/100041894019.html,100041894019,83.00
113,100033888113,悦康志德 赤小豆260g/瓶 利水消肿 解毒排脓,//item.jd.com/100033888113.html,100033888113,17.90
113,100007819519,玉林 睡安胶囊 10粒*6板 梦多用药 养血安神 清心除烦 用于心烦不寐 怔忡惊悸 梦多易醒或久卧不眠,//item.jd.com/100007819519.html,100007819519,98.00
113,100013666992,"维莫思（WEIMOSI）盐酸莫西沙星滴眼液 5ml:25mg(0.5%,W/V)",//item.jd.com/100013666992.html,100013666992,35.00
113,100033928141,同仁堂 枸杞子 150g,//item.jd.com/100033928141.html,100033928141,72.00
113,100024422807,年青保 参味补肾合剂100ml*10瓶/盒 益气健脾补肾宁心 口服用于头晕失眠气阴两虚心肾不足心悸腰膝酸软,//item.jd.com/100024422807.html,100024422807,265.00
113,100028885770,玉屏山 玉屏山 板蓝根颗粒 5g*20袋 清热解毒，凉血利咽,//item.jd.com/100028885770.html,100028885770,14.00
113,100025328696,鲁南 通力达 脉络舒通颗粒 20g*6袋 清热解毒 化瘀通络 祛湿消肿用于血栓性静脉炎 下肢肢体肿胀,//item.jd.com/100025328696.html,100025328696,279.00
113,100020337084,欧唐宁 利格列汀片 5mg*7片*12盒 糖尿病用药 降糖药 2型糖尿病 降血糖 血糖高的药物,//item.jd.com/100020337084.html,100020337084,696.00
113,100043943061,华西 南药局 十味玉泉片 0.65g*12片*4板,//item.jd.com/100043943061.html,100043943061,27.50
113,100027837559,顺势麦味地黄口服液10ml*10支 用于肺肾阴亏 潮热盗汗 咽干 眩晕耳鸣 腰膝酸软,//item.jd.com/100027837559.html,100027837559,18.00
113,100029869114,关爱 阿娜尔妇洁液 200ml 阴道炎导致白带过多 瘙痒止痒 细菌性霉菌性滴虫性外阴道炎,//item.jd.com/100029869114.html,100029869114,35.00
113,100034610609,长谓安 奥美拉唑肠溶胶囊20mg*28粒/盒 胃溃疡十二指肠溃疡应激性溃疡反流性食管炎,//item.jd.com/100034610609.html,100034610609,38.00
113,100034610609,长谓安 奥美拉唑肠溶胶囊20mg*28粒/盒 胃溃疡十二指肠溃疡应激性溃疡反流性食管炎,//item.jd.com/100034751139.html,100034751139,38.00
113,100040977453,【5盒装】鲁南 克君清 聚甲酚磺醛阴道栓 90mg*6枚 治疗宫颈糜烂 宫颈炎 各类阴道感染等造成的压迫性溃疡,//item.jd.com/100040977453.html,100040977453,100.00
114,100034152473,悦康志德 山药150g/瓶 补脾养胃 生津益肺 补肾涩精,//item.jd.com/100034152473.html,100034152473,29.50
114,100017030814,澳米沙 克林霉素磷酸酯外用溶液 1% 30ml 寻常痤疮,//item.jd.com/100017030814.html,100017030814,38.00
114,100020200055,丽芙甲硝唑凝胶20g/盒+丽芙阿达帕林凝胶16g/盒+质润15%壬二酸净颜露15g/盒,//item.jd.com/100020200055.html,100020200055,96.60
114,100020960171,一生安 一生安 醒脑安神胶囊0.46g*12粒*2板/盒,//item.jd.com/100020960171.html,100020960171,11.00
114,100019847301,维唐平 二甲双胍格列吡嗪片 250mg/2.5mg*10片*2板 用于饮食 运动疗法不能充分有效控制血糖的2型糖尿病患者,//item.jd.com/100019847301.html,100019847301,45.00
114,100049998925,【7天周期】丽珠维三联 枸橼酸铋钾片/替硝唑片/克拉霉素片组合包装 8片*7盒 幽门螺杆菌治疗药 十二指肠溃疡,//item.jd.com/100049998925.html,100049998925,133.00
114,100018183731,鑫瑞 清热解毒口服液 10ml*10支/盒 用于热毒壅盛所致的发热面赤烦燥口渴咽喉肿痛,//item.jd.com/100018183731.html,100018183731,29.00
114,5793152,同仁堂 百合更年安颗粒 12g*10袋 头晕耳鸣 失眠多梦 五心烦热 腰背酸痛 大便干燥,//item.jd.com/5793152.html,5793152,80.00
114,100037388160,迪沙 迪沙 克霉唑阴道片0.5g*1片*2板,//item.jd.com/100037388160.html,100037388160,31.50
114,100037003701,桂药 交沙霉素片 0.2g*12片 本品适用于化脓性链球菌引起的咽炎及扁桃体炎,//item.jd.com/100037003701.html,100037003701,28.50
114,100006964734,金博瑞 艾地苯醌片 30mg*12片 慢性脑血管病及脑外伤等引起的脑功能损害 神经损伤 神经系统用药,//item.jd.com/100006964734.html,100006964734,58.00
114,100039607655,万岁 冠心苏合胶囊 0.35g*20粒/盒,//item.jd.com/100039607655.html,100039607655,8.90
114,100053192167,宝岛 健阳片 8片*2板 补肾益精 助阳兴痿 用于阳痿早泄,//item.jd.com/100053192167.html,100053192167,21.50
114,100014192638,同仁堂 五子衍宗丸60g/瓶3盒+同仁堂锁阳固精丸9克*10丸3盒补肾阳痿早泄遗精固精,//item.jd.com/100014192638.html,100014192638,147.00
114,100015985905,百灵鸟 消炎镇痛膏4片/盒 消炎镇痛 用于神经痛 风湿痛 肩痛 扭伤 关节痛 肌肉疼痛 贵州百灵,//item.jd.com/100015985905.html,100015985905,9.00
114,100014982129,百灵鸟 鞣酸苦参碱胶囊0.3g*24粒 用于功能性腹泻和急慢性肠炎 贵州百灵,//item.jd.com/100014982129.html,100014982129,26.00
114,100045550691,三零饮帝 菊花（贡菊）12g*1袋,//item.jd.com/100045550691.html,100045550691,13.10
114,100035276614,仁和 风湿定胶囊 0.3g*48粒 风湿性关节炎类风湿性关节炎颈肋神经痛坐骨神经痛,//item.jd.com/100035276614.html,100035276614,25.00
114,100036638699,通德复方胃蛋白酶颗粒10克*10袋/盒,//item.jd.com/100036638699.html,100036638699,9.00
114,100011384543,鲁抗 格列齐特缓释片 30mg*10片*2板/盒,//item.jd.com/100011384543.html,100011384543,9.90
114,100030758509,辰欣 辰欣 富马酸酮替芬滴鼻液0.15%*10ml/支/盒,//item.jd.com/100030758509.html,100030758509,7.80
114,100034104117,择思达 盐酸托莫西汀胶囊 25mg*7粒*4盒用于治疗儿童和青少年的注意缺陷/多动障碍(ADHD),//item.jd.com/100034104117.html,100034104117,620.00
114,100020530627,瑞珠 氧氟沙星滴眼液 0.8ml：2.4mg*15支/盒 细菌性结膜炎角膜炎角膜溃疡泪囊炎术后感染等外眼感染,//item.jd.com/100020530627.html,100020530627,35.90
114,4250079,同仁堂 健步强身丸 60g 补肾健骨 宣痹止痛 肝肾阴虚 风湿阻络 筋骨痿软 腰腿酸痛 足膝无力 行步艰难,//item.jd.com/4250079.html,4250079,35.00
114,100034104397,择思达 盐酸托莫西汀胶囊 40mg*7粒*4盒装 多动障碍 注意缺陷 儿童和青少年 神经系统用药,//item.jd.com/100034104397.html,100034104397,860.00
114,100013600488,雷允上 六神胶囊0.19g*6粒 清热解毒 消炎止痛 用于烂喉丹痧 咽喉肿痛 喉风喉痈 单双乳蛾 无名肿毒,//item.jd.com/100013600488.html,100013600488,18.00
114,100026177449,赛维替米沙坦片40mg*14片,//item.jd.com/100026177449.html,100026177449,5.50
114,100044225735,一品红 瞬克 熊胆川贝口服液 10ml*6支/盒 清热化痰 止咳 痰热咳嗽 咳痰不止 咯痰不爽,//item.jd.com/100044225735.html,100044225735,59.50
114,100034106757,择思达 盐酸托莫西汀胶囊 40mg*7粒*6盒装 多动障碍 注意缺陷 儿童和青少年 神经系统用药,//item.jd.com/100034106757.html,100034106757,1290.00
114,100034107873,择思达 盐酸托莫西汀胶囊 10mg*7粒*6盒装 多动障碍 注意缺陷 儿童和青少年 神经系统用药,//item.jd.com/100034107873.html,100034107873,678.00
114,100038834773,百灵鸟 奥美拉唑肠溶胶囊20mg*24粒 适用于胃酸过多引起的烧心和反酸症状的短期缓解 贵州百灵,//item.jd.com/100038834773.html,100038834773,19.80
114,100027803903,硬核医生 复方酮康唑发用洗剂 75ml/支/盒,//item.jd.com/100027803903.html,100027803903,42.90
114,100025489727,马应龙 地塞米松磷酸钠滴眼液 5ml:1.25mg*5ml/支 用于虹膜睫状体炎 虹膜炎 角膜炎 结膜炎 眼睑炎 泪囊炎,//item.jd.com/100025489727.html,100025489727,13.80
114,100008343323,同仁堂 TRT 大山楂颗粒 15克*6袋 开胃消食 用于食欲不振 消化不良,//item.jd.com/100008343323.html,100008343323,26.50
114,100022807256,药友 芬卡欣 吲达帕胺片 2.5mg*10片*3板,//item.jd.com/100022807256.html,100022807256,3.90
114,100037773343,修正 他达拉非片 20mg*6片,//item.jd.com/100037773343.html,100037773343,129.00
114,100052352685,莱多菲 盐酸非索非那定片 30mg*14片*2板,//item.jd.com/100052352685.html,100052352685,25.00
114,100044320062,仙琚 丁酸氢化可的松乳膏 0.1%*20g 用于过敏性皮炎、脂溢性皮炎、过敏性湿疹、苔藓样瘙痒症,//item.jd.com/100044320062.html,100044320062,15.90
114,100033498633,爱九 盐酸达泊西汀片 30mg*3片*3板 男用口服 治疗早泄药,//item.jd.com/100033498633.html,100033498633,85.00
114,100020379802,胡庆余堂五子衍宗丸6g*20袋 补肾益精 肾虚精亏 阳痿不育遗精早泄 腰痛尿后余沥,//item.jd.com/100020379802.html,100020379802,119.00
114,100042836392,芪明 芪明颗粒4.5g*21袋 益气生津 滋养肝肾 通络明目,//item.jd.com/100042836392.html,100042836392,180.00
114,100037004789,福元盐酸特比萘芬喷雾剂1%*60ml/瓶 手癣、足癣、体癣、股癣及花斑癣,//item.jd.com/100037004789.html,100037004789,48.00
114,100017310618,中大 清淋颗粒 10g*8袋清热泻火 利水通淋 适用于淋症 癃闭 尿频涩痛 淋沥不畅 小腹胀,//item.jd.com/100017310618.html,100017310618,6.90
114,100034547536,名草 补中益气丸 9克*10丸 用于脾胃虚弱 中气下陷所致的泄泻,//item.jd.com/100034547536.html,100034547536,17.30
114,100036748413,博祥养血当归糖浆10ml*12支/盒,//item.jd.com/100036748413.html,100036748413,9.60
114,7129776,南京同仁堂 乐家老铺六味地黄丸（浓缩丸）300丸 滋阴补肾 盗汗遗精 腰膝酸软 肾阴亏损 头晕耳鸣,//item.jd.com/7129776.html,7129776,45.00
114,100036076738,葵花 阿昔洛韦乳膏 3%*15克 单纯疱疹或带状疱疹感染,//item.jd.com/100036076738.html,100036076738,10.00
114,100036076738,葵花 阿昔洛韦乳膏 3%*15克 单纯疱疹或带状疱疹感染,//item.jd.com/100023979732.html,100023979732,10.00
114,100006472437,恩威 力克舒小儿氨酚黄那敏颗粒12袋 甲型流感小儿退烧感冒药抗病毒颗粒 对乙酰氨基酚片儿童退热发烧药,//item.jd.com/100006472437.html,100006472437,10.90
114,100008803825,恒久远 华青 硫软膏 10% 10g 用于疥疮 头癣 痤疮 脂溢性皮炎酒渣鼻单纯糠疹和慢性湿疹,//item.jd.com/100008803825.html,100008803825,6.50
114,100017419528,石四药 参乌健脑胶囊 0.3g*18粒*2板 肾精不足 精神疲惫 失眠多梦 头晕目眩 记忆力减退,//item.jd.com/100017419528.html,100017419528,29.60
114,100046844957,东泰 盆炎净胶囊 0.5g*3*12粒,//item.jd.com/100046844957.html,100046844957,25.00
114,100040971553,马休医生 牙痛药水 5毫升/瓶*5瓶 止痛杀菌，防蛀。用于风火牙痛，牙龈红肿，虫蛀牙痛及一切神经牙痛。,//item.jd.com/100040971553.html,100040971553,39.90
114,100024033422,益口佳 雅得康 丁硼乳膏 65g 消炎止痛 牙龈炎 牙周炎 牙龈红肿 口腔炎,//item.jd.com/100024033422.html,100024033422,28.00
114,100008899735,兴齐 迪可罗氧氟沙星滴眼液 0.4ml：1.2㎎（0.3%）* 0.4ml*15支用于结膜炎 角膜炎 角膜溃疡 外眼感染,//item.jd.com/100008899735.html,100008899735,29.80
114,100051436843,隆顺榕藿香正气水10ml*6支解表化湿 理气和中 外感风寒内伤湿滞或夏伤暑湿所致的感冒头痛昏重腹胀呕吐泄泻,//item.jd.com/100051436843.html,100051436843,22.00
114,100043551696,同仁堂 赤小豆 300g,//item.jd.com/100043551696.html,100043551696,19.00
114,100023239089,维格定 氨己烯酸口服溶液用散 500mg*30袋 用于婴儿痉挛症,//item.jd.com/100023239089.html,100023239089,1729.90
114,100032911936,FUCHUN肤纯 20%壬二酸修护乳 30g/支 温和净痘 改善痘印粉刺 均匀肤色,//item.jd.com/100032911936.html,100032911936,109.00
114,100034903726,青春宝 益母草颗粒5g*24袋(无糖型) 活血调经 用于血瘀所致的月经不调,//item.jd.com/100034903726.html,100034903726,89.00
114,100010973517,泉能 金嗨久他达拉非片20mg*1片/盒 治疗勃起功能障碍,//item.jd.com/100010973517.html,100010973517,29.00
115,100046144752,迪赛 迪赛平 替米沙坦片 20mg*30片/板/盒,//item.jd.com/100046144752.html,100046144752,6.60
115,100034859922,仁和 健脑灵片0.26g*48片 滋肾安神治疗失眠尿频多梦头晕神经衰弱,//item.jd.com/100034859922.html,100034859922,24.50
115,100021997573,有时力 六味防脱生发酊60ml/瓶 缓解头屑增多、瘙痒 ，祛风生发养血活血 气血失和 化燥生风,//item.jd.com/100021997573.html,100021997573,99.00
115,100052103693,扬子江龙凤堂 阿胶珠 3g*5袋*3盒,//item.jd.com/100052103693.html,100052103693,250.00
115,100053370705,万普宁 瑞舒伐他汀钙片 5mg*20片 适用于高胆固醇血脂,//item.jd.com/100053370705.html,100053370705,18.00
115,100051060589,康婷 克拉霉素缓释胶囊 0.25g*8粒/盒,//item.jd.com/100051060589.html,100051060589,58.00
115,100015939715,济悦 盐酸托哌酮胶囊 50mg*12粒*2板 脑动脉硬化 脑血管意外后遗症,//item.jd.com/100015939715.html,100015939715,20.40
115,100015317214,法迪 米格列奈钙片 5mg*36片/盒 2型糖尿病 正大天晴,//item.jd.com/100015317214.html,100015317214,35.90
115,100032089512,信邦 贞芪扶正胶囊 0.35g*48粒,//item.jd.com/100032089512.html,100032089512,45.50
115,100031290132,唐王 唐王 六味地黄丸 200丸 滋阴补肾 本品用于肾阴亏损,//item.jd.com/100031290132.html,100031290132,8.00
115,100038660073,欣他 苯磺酸左氨氯地平片2.5mg*14片 治疗高血压和心绞痛,//item.jd.com/100038660073.html,100038660073,15.00
115,100034158842,明仁 颈痛颗粒 4g*6袋,//item.jd.com/100034158842.html,100034158842,33.00
115,6373128,德众 养血生发胶囊 0.5g*30粒,//item.jd.com/6373128.html,6373128,47.00
115,100018280941,仁和 元七骨痛酊 50ml/1瓶 活血化瘀祛风散寒通络止痛 治疗骨性关节炎 活动功能障碍,//item.jd.com/100018280941.html,100018280941,55.80
115,100020972420,复方醋酸地塞米松乳膏20克：15毫克*20克 脂溢性皮炎 慢性湿疹,//item.jd.com/100020972420.html,100020972420,4.50
115,100025557600,孔孟 芎菊上清丸（水丸）6g*10袋发热偏正头痛鼻流清涕牙疼咽痛清热解表散风止痛,//item.jd.com/100025557600.html,100025557600,10.00
115,100034514715,强身 通脉口服液 10ml/支*10支/盒 活血通脉。用于缺血性心脑血管疾病，动脉硬化，脑血栓,//item.jd.com/100034514715.html,100034514715,26.00
115,100010542835,瑞万托 枸橼酸西地那非片 20mg*15片*6板 进口药品 治疗肺动脉高压,//item.jd.com/100010542835.html,100010542835,2518.00
115,100046552587,倍悦 厄贝沙坦氢氯噻嗪片 150mg:12.5mg*30片,//item.jd.com/100046552587.html,100046552587,36.00
115,7686325,天晴速乐 噻托溴铵粉雾剂18μg*10粒 慢阻肺 正大天晴,//item.jd.com/7686325.html,7686325,72.00
115,100038197504,沙溪 沙溪凉茶 1.8g*10袋 清热 除湿 导滞 用于四时感冒,//item.jd.com/100038197504.html,100038197504,44.00
115,100025570693,太极 葡萄糖酸钙片 0.5g*10片*5板用于治疗和预防钙缺乏症,//item.jd.com/100025570693.html,100025570693,68.90
115,100037912680,康普 补肾益寿片 0.4g*90片*2瓶,//item.jd.com/100037912680.html,100037912680,186.00
115,100028270579,康复定 三磷酸腺苷二钠片20mg*100片/瓶/盒,//item.jd.com/100028270579.html,100028270579,62.80
115,100023785879,美乐力 磷霉素氨丁三醇颗粒 3g*1包,//item.jd.com/100023785879.html,100023785879,368.00
115,100038549369,普康 牡蛎碳酸钙胶囊100mg*90粒/盒,//item.jd.com/100038549369.html,100038549369,99.00
115,100029144230,金石 金石 复方卡托普利片 100片,//item.jd.com/100029144230.html,100029144230,7.50
115,100018474524,金诃 二十五味珍珠丸 0.25g*10丸/盒 安神开窍 用于中风 半身不遂 口眼歪斜 昏迷不醒 神志紊乱,//item.jd.com/100018474524.html,100018474524,42.90
115,100008298843,苏中 坎地沙坦酯胶囊 4mg*14粒,//item.jd.com/100008298843.html,100008298843,20.90
115,100024311738,美福临 暖胃舒乐片 15片*2板 温中补虚 调和肝脾 行气活血 止痛生肌 脾胃虚寒 慢性胃炎 反酸嗳气,//item.jd.com/100024311738.html,100024311738,7.50
115,100017033187,百灵鸟 贵州百灵 铝碳酸镁咀嚼片0.5g*30片 慢性胃炎 胃酸胃痛烧心酸性嗳气饱胀,//item.jd.com/100017033187.html,100017033187,23.92
115,100022208045,同型乐维 同型乐维 叶酸片0.4mg*31片,//item.jd.com/100022208045.html,100022208045,62.00
115,100009453809,康普 盐酸氯丙嗪片 25mg*100片/瓶,//item.jd.com/100009453809.html,100009453809,16.00
115,100023677851,邦廸 透明防水创可贴 63mm*25mm*5片/袋【20袋装】,//item.jd.com/100023677851.html,100023677851,98.00
115,100027803935,吉月 马来酸阿法替尼片 30mg*7片 用于治疗非小细胞肺癌【正大天晴】,//item.jd.com/100027803935.html,100027803935,899.00
115,100018733249,万全 乐孚亭 盐酸安非他酮片 75㎎*7片*2板/盒,//item.jd.com/100018733249.html,100018733249,23.90
115,100022594613,圣博康 圣博康 多维元素分散片（21）60片,//item.jd.com/100022594613.html,100022594613,98.00
115,2943828,北京同仁堂 仁丹 30粒*100袋 消化不良 恶心呕吐 开窍醒神 祛暑化浊,//item.jd.com/2943828.html,2943828,199.00
115,100020344831,同仁堂 TRT 通脉口服液 10ml*10支/盒用于缺血性心脑血管病脑血栓 冠心病,//item.jd.com/100020344831.html,100020344831,68.00
115,100030966200,金汇 益肾康胶囊 0.3g*10粒*3板/盒,//item.jd.com/100030966200.html,100030966200,20.00
115,100018884273,泰华堂 加味逍遥口服液10ml*6支 舒肝清热 健脾养血 用于两胁胀痛 头晕目眩 月经不调 脐腹胀痛 更年期综合征,//item.jd.com/100018884273.html,100018884273,42.30
115,100033394538,泰华堂 阿胶当归口服液 15ml×48支 补养气血 用于气血亏虚所致贫血 产后血虚 体弱 月经不调,//item.jd.com/100033394538.html,100033394538,358.00
115,100024141665,健美滋 乳果糖口服溶液10ml：5g*10ml*10支/盒 治疗慢性功能性便秘,//item.jd.com/100024141665.html,100024141665,39.00
115,100020344933,润家 复方北豆根氨酚那敏片 36片/盒 缓解普通感冒或流行性感冒引起的发热 四肢酸痛 头痛等症状,//item.jd.com/100020344933.html,100020344933,51.00
115,100028120613,威适 参茸鞭丸 30丸/板*5板/盒,//item.jd.com/100028120613.html,100028120613,67.80
115,100045421465,三零饮帝 净山楂60g*1袋,//item.jd.com/100045421465.html,100045421465,13.10
115,100032524262,鲁南 佳美悦 当归调经颗粒 10g*10袋 补血助气 月经不调 贫血衰弱 痛经,//item.jd.com/100032524262.html,100032524262,106.00
115,100053258227,固适宁 塞来昔布胶囊 0.2g*14粒 适用于风湿关节病,//item.jd.com/100053258227.html,100053258227,25.00
115,100028494265,禾沐康 硝苯地平缓释片(Ⅱ) 20mg*12片*5板/盒 慢性稳定型心绞痛劳累型心绞痛血管痉挛型心绞痛原发性高血压,//item.jd.com/100028494265.html,100028494265,15.80
115,100020729661,安友 那如三味丸 10粒*2板 祛风 止痛,//item.jd.com/100020729661.html,100020729661,58.00
115,100039810703,马休医生 复方酮康唑发用洗剂55ML/支 用于治疗和预防多种真菌引起的感染如头皮糠疹（头皮屑）脂溢性皮炎 。,//item.jd.com/100039810703.html,100039810703,37.80
115,100024271839,维和 黄藤素片 0.1g*20片,//item.jd.com/100024271839.html,100024271839,39.80
115,4690120,交宁 替莫唑胺胶囊 20mg*10粒/盒 新诊断的多形性胶质母细胞瘤或间变性星形细胞瘤,//item.jd.com/4690120.html,4690120,599.00
115,8671236,北京同仁堂 鹿角胶 6g*18块 温补肝肾 益精养血 血虚头晕 腰膝酸冷 虚劳消瘦,//item.jd.com/8671236.html,8671236,1350.00
115,100046992639,神农虎 麝香壮骨膏 6.5cm*10cm*5贴,//item.jd.com/100046992639.html,100046992639,6.00
115,100017140780,力哥 参茸壮骨丸 36丸 强筋壮骨 祛风散寒 除湿止痛 风寒痹阻,//item.jd.com/100017140780.html,100017140780,22.00
115,100020077861,仁和 奥沙普秦胶囊 0.2g*8粒 类风湿关节炎 强直性脊柱炎,//item.jd.com/100020077861.html,100020077861,15.00
115,100037996920,倍特 倍芬平 奥美沙坦酯片 20mg*7片治疗高血压,//item.jd.com/100037996920.html,100037996920,15.10
115,100035432054,维威 汉桃叶片 0.32克*24片,//item.jd.com/100035432054.html,100035432054,7.00
115,100041733429,赫阳 清脑降压片 18片*3板/盒,//item.jd.com/100041733429.html,100041733429,8.50
116,100012912293,力美坚 他达拉非片5mg*7片 治疗勃起功能障碍 良性前列腺增生,//item.jd.com/100012912293.html,100012912293,148.00
116,100012912293,力美坚 他达拉非片5mg*7片 治疗勃起功能障碍 良性前列腺增生,//item.jd.com/100024504968.html,100024504968,148.00
116,100036087973,华西牌 通窍鼻炎胶囊 0.4g*10粒/板*3板/盒,//item.jd.com/100036087973.html,100036087973,16.00
116,100031033956,梁湖 LIANG HU 八珍益母丸200丸,//item.jd.com/100031033956.html,100031033956,4.00
116,100034250042,沃华 牛黄益金片 0.5克*12片*3板 清热利咽 消肿止痛,//item.jd.com/100034250042.html,100034250042,12.90
116,100019778299,迪沙 盐酸二甲双胍片 0.25g/片*12片/板*4板/盒,//item.jd.com/100019778299.html,100019778299,8.90
116,100037261083,柏愈熊胆粉0.1g*7瓶,//item.jd.com/100037261083.html,100037261083,128.00
116,100041756430,达仁堂 益肺清化膏 120g*2瓶/盒 益气养阴清热解毒化痰止咳气阴两虚气短乏力咳嗽咯血胸痛 晚期肺癌,//item.jd.com/100041756430.html,100041756430,680.00
116,100008611645,正大天晴 晴可舒 醋酸阿比特龙片 0.25g*60片 /瓶 治疗前列腺癌,//item.jd.com/100008611645.html,100008611645,1406.00
116,100029025815,德商 甲硝维参阴道泡腾片 7片/板*2板/盒,//item.jd.com/100029025815.html,100029025815,68.00
116,100048676327,百适可 草酸艾司西酞普兰片 5mg*20片,//item.jd.com/100048676327.html,100048676327,60.00
116,100032945742,可立平 非洛地平片 2.5mg*12片*4板/盒 用于轻、中度原发性高血压的治疗,//item.jd.com/100032945742.html,100032945742,48.00
116,100035432136,丽芙甲硝唑凝胶（20g：0.15g）*20g/盒+丽芙阿达帕林凝胶0.1%（30g：30mg）*16g/盒,//item.jd.com/100035432136.html,100035432136,39.60
116,100020031607,德济 骨刺消痛胶囊 0.3g*12粒*3板/盒,//item.jd.com/100020031607.html,100020031607,30.50
116,100013775004,九芝堂 生发丸6g/袋*12袋/盒 填精滋肾 乌须黑发,//item.jd.com/100013775004.html,100013775004,99.00
116,100026414751,唐龙 润肠丸（浓缩丸） 48粒*4板 润肠通便,//item.jd.com/100026414751.html,100026414751,9.70
116,100025148170,万通 关黄母颗粒 9g*10袋/盒,//item.jd.com/100025148170.html,100025148170,79.00
116,100035647836,雷氏 大补阴丸 6g*9瓶 滋阴降火 用于阴虚火旺 潮热盗汗 咳嗽咯血 耳鸣遗精,//item.jd.com/100035647836.html,100035647836,118.00
116,100015099260,正大天晴 首辅 卡培他滨片 0.5g*12片 结肠癌 乳腺癌 胃癌 肿瘤癌症用药,//item.jd.com/100015099260.html,100015099260,38.00
116,100026333310,南洋 克霉唑阴道片0.5g*2片*4盒 妇科炎症霉菌念珠菌性外阴阴道炎专用药外阴部瘙痒白带异常栓剂,//item.jd.com/100026333310.html,100026333310,71.50
116,100020910036,星鲨维生素D滴剂（胶囊型）36粒*10盒预防维生素d缺乏症佝偻病 促进钙吸收 维生素d3滴剂,//item.jd.com/100020910036.html,100020910036,298.00
116,100009402383,华海 利培酮分散片1mg*30片 用于治疗急性和慢性精神分裂症以及其他各种精神病状态的明显的阳性症状,//item.jd.com/100009402383.html,100009402383,27.00
116,8180482,本草纲目 六味地黄丸 60g/瓶 滋阴补肾 用于肾阴亏损 头晕耳鸣 腰膝酸软 骨蒸潮热 盗汗遗精,//item.jd.com/8180482.html,8180482,19.00
116,3195820,伊人 甲硝唑氯己定洗剂 50ml*6瓶 用于细菌 滴虫 霉菌引起的各种阴道炎,//item.jd.com/3195820.html,3195820,21.00
116,100028494275,百思特 瑞珈 聚乙烯醇滴眼液1.4%（0.4毫升：5.6毫克）0.4毫升*10支 治疗眼部干涩 异物感 眼疲劳等症状,//item.jd.com/100028494275.html,100028494275,20.80
116,100029589550,立效 田七痛经胶囊 0.4g*10粒*2板 通调气血止痛调经 用于因寒所致的月经失调,//item.jd.com/100029589550.html,100029589550,22.00
116,100051234613,碑林 小儿咳喘颗粒 6g/袋*6袋/盒 清热宣肺 化痰止咳 用于小儿痰热壅肺所致的咳嗽发热痰多气喘,//item.jd.com/100051234613.html,100051234613,39.90
116,100011855767,HeyBro他达拉非片5mg*2 治疗勃起功能障碍合并良性前列腺增生,//item.jd.com/100011855767.html,100011855767,24.90
116,100038596068,太平 白花油3ml 疏风止痒理气止痛消疲提神用于关节酸痛伤风感冒头痛鼻塞扭伤,//item.jd.com/100038596068.html,100038596068,12.80
116,100007727424,达克宁喷雾盐酸特比萘芬喷雾剂30ml+硝酸咪康唑散40g除脚气药脚臭脚出汗水泡除脚气杀菌的喷雾,//item.jd.com/100007727424.html,100007727424,91.00
116,100029123102,药王孙真人 保和丸（浓缩丸）480丸 消食导滞和胃用于食积停滞脘腹胀满不欲饮食,//item.jd.com/100029123102.html,100029123102,63.00
116,100034903680,仁源堂 肤痒颗粒 9g*9袋 用于皮肤瘙痒病 荨麻疹,//item.jd.com/100034903680.html,100034903680,8.00
116,100036638661,紫琉璃天麻胶囊0.25g*100粒,//item.jd.com/100036638661.html,100036638661,27.00
116,100033247743,同仁堂 艾绒 14.5g*10支,//item.jd.com/100033247743.html,100033247743,36.00
116,100024760985,益达明 复方门冬维甘滴眼液 10毫升/支,//item.jd.com/100024760985.html,100024760985,8.90
116,8392575,本草纲目 补中益气丸(水丸)60g/瓶 补中益气 升阳举陷 脾胃虚弱泄泻 体倦乏力久泻肛门下坠,//item.jd.com/8392575.html,8392575,20.00
116,8392575,本草纲目 补中益气丸(水丸)60g/瓶 补中益气 升阳举陷 脾胃虚弱泄泻 体倦乏力久泻肛门下坠,//item.jd.com/8770479.html,8770479,20.00
116,100038834735,再佳 单硝酸异山梨酯缓释片 60mg*10片,//item.jd.com/100038834735.html,100038834735,15.00
116,4744014,同仁堂 风湿关节酒 300ml 驱风散寒，活血止痛。,//item.jd.com/4744014.html,4744014,83.00
116,100014950237,林海 归龙筋骨宁片 0.25g*12片*2板*3盒装 祛风活血 舒筋止痛 用于风寒湿痹 关节疼痛,//item.jd.com/100014950237.html,100014950237,90.00
116,100017145829,晶珠 鹿茸口服液 10ml*12支 温肾 、生精养血、补髓健骨,//item.jd.com/100017145829.html,100017145829,28.00
116,3360342,同仁堂 益肾兴阳胶囊 0.48g *20粒*3盒 肾阳亏虚引起的腰酸腿软,//item.jd.com/3360342.html,3360342,178.00
116,100008322787,昆中药 六味地黄丸 6g*20袋/盒 滋阴补肾 头晕耳鸣 腰膝酸软 盗汗遗精,//item.jd.com/100008322787.html,100008322787,21.50
116,100037677336,闪康 泮托拉唑钠肠溶胶囊 40mg*10粒 适用于活动性消化性溃疡 反流性食管炎和卓-艾氏综合症,//item.jd.com/100037677336.html,100037677336,86.20
116,100031597734,玉屏山 鼻渊片18片*3板,//item.jd.com/100031597734.html,100031597734,9.00
116,100015601931,通园 健儿消食口服液10ml*6支,//item.jd.com/100015601931.html,100015601931,6.50
116,100012217304,众生 明目地黄胶囊 0.5g*30s明目迎风流泪视物模糊,//item.jd.com/100012217304.html,100012217304,38.20
116,100023877332,同仁堂 TRT 阳春口服液10ml*18支 补肾生精 益脑 用于失眠健忘 肾虚腰痛,//item.jd.com/100023877332.html,100023877332,396.00
116,100029869188,白云山 康寿丸 40克*2瓶 补气养血 润肺滋肾 用于气血两虚 身体瘦弱 眩晕健忘 失眠多梦,//item.jd.com/100029869188.html,100029869188,139.00
116,100011340931,药王孙真人 香砂养胃丸（浓缩丸）360丸 温中和胃 用于泛吐酸水胃脘满闷不思饮食,//item.jd.com/100011340931.html,100011340931,33.00
116,100009081784,艾舒右美沙芬愈创甘油醚糖浆150ml/瓶*3止咳糖浆感冒咳嗽化痰祛痰清肺甲流咳嗽药支气管炎成人儿童,//item.jd.com/100009081784.html,100009081784,118.50
116,100019847453,仁源堂 雪藤草 胃康灵胶囊 0.4g*12粒*3板 胃脘疼痛嗳气泛酸,//item.jd.com/100019847453.html,100019847453,12.00
116,100025229021,胃仙U（WEISEN-U）维仙优香港胃药复方维生素U片30片/盒 *5盒胃痛胃酸胃胀消化不良,//item.jd.com/100025229021.html,100025229021,270.00
116,100013600472,九芝堂 保和丸 0.2g*200丸/瓶 消食导滞和胃 用于食积停滞 脘腹胀满 嗳腐吞酸 不欲饮食,//item.jd.com/100013600472.html,100013600472,18.80
116,100029219806,"同仁堂 冠心安口服液 10ml*10支 宽胸散结，活血行气。用于气滞血淤型冠心病、心绞痛引起的胸痛,憋气",//item.jd.com/100029219806.html,100029219806,76.00
116,100022333706,汇仁长立舒 盐酸达泊西汀片 30mg*2片 治疗早泄 男科专科口服药,//item.jd.com/100022333706.html,100022333706,38.00
116,100020084890,金诃 风湿塞隆胶囊 0.3g*20粒/盒 祛风 散寒 除湿 用于类风湿性关节炎 关节疼痛 肿胀 屈伸不利 腰膝酸软,//item.jd.com/100020084890.html,100020084890,34.90
116,100027708477,雄狮 巴戟补肾丸 9g*12袋 补肾填精益气补血用于肾亏头晕目眩耳鸣四肢酸软腰膝酸痛,//item.jd.com/100027708477.html,100027708477,88.00
116,4508286,唐释 格列喹酮分散片 30mg*12片*3板 糖尿病,//item.jd.com/4508286.html,4508286,37.00
116,100013112120,仁和 二甲双胍格列本脲片（I）24片/盒 2型糖尿病控制血糖药,//item.jd.com/100013112120.html,100013112120,22.00
116,100020082688,桑海 肾宝胶囊 0.5g*180粒 温阳补肾 调和阴阳 安神固精 用于阳痿遗精 腰腿酸软 精神不振,//item.jd.com/100020082688.html,100020082688,155.00
116,100024171301,金诃 舒更胶囊 0.3克*12粒*3板*2小盒 绝经更年期综合征卵巢衰退 潮热虚汗用于烦躁不安头昏乏力失眠调和气血,//item.jd.com/100024171301.html,100024171301,159.00
117,100019847321,迪沙 二甲双胍格列吡嗪片（Ⅱ）8片/板*2板/盒,//item.jd.com/100019847321.html,100019847321,38.00
117,100035647882,诚志 化积口服液 10ml*6支,//item.jd.com/100035647882.html,100035647882,13.50
117,100029449830,同仁堂 大山楂颗粒 15g*6袋 开胃消食用于食欲不振消化不良一次1袋一日1~3次,//item.jd.com/100029449830.html,100029449830,25.50
117,100040219300,真奥 特风平 豨蛭络达胶囊 0.3g*72粒 化痰活血熄风通络缺血性中风轻型脑梗塞半身不遂口舌歪斜偏身麻木,//item.jd.com/100040219300.html,100040219300,649.00
117,100037990745,欣洛达 亚泰 清脑降压片 18片*3板,//item.jd.com/100037990745.html,100037990745,11.00
117,100015119955,岷州 杜仲壮骨胶囊0.5克*10粒×2板/盒,//item.jd.com/100015119955.html,100015119955,9.00
117,6238383,仁源堂 骨刺平片 0.25g*12片*5板 补精壮髓 壮筋健骨 通络止痛 用于骨质增生,//item.jd.com/6238383.html,6238383,9.00
117,100018474540,金诃 八味沉香丸0.3g*24丸/盒 清心热 宁心 安神 开窍 用于热病攻心 神昏谵语 心前区疼及心脏外伤,//item.jd.com/100018474540.html,100018474540,38.90
117,100020105950,昆中药 百宝丹搽剂 30ml*1瓶/盒关节炎及软组织损伤引起的局部疼痛,//item.jd.com/100020105950.html,100020105950,37.50
117,100036077992,凤凰 益母草颗粒 10袋活血调经月经不调 经量少调理月经益母草冲剂 月经量少,//item.jd.com/100036077992.html,100036077992,25.00
117,100007762621,正大天晴 晴可舒 醋酸阿比特龙片0.25g*120片/瓶 治疗前列腺癌,//item.jd.com/100007762621.html,100007762621,2800.00
117,100007956361,达力士 卡泊三醇软膏 15g：0.75mg *15g 用于寻常性银屑病 进口【5盒装】,//item.jd.com/100007956361.html,100007956361,280.00
117,100028225251,兴齐 左氧氟沙星滴眼液 0.4ml:1.952mg*0.4ml*10支 用于治疗眼睑炎睑腺炎泪囊炎结膜炎睑板腺炎角膜炎,//item.jd.com/100028225251.html,100028225251,60.80
117,100044977797,幽门螺杆菌四联药 彼迪奥美拉唑20mg*14粒+甲硝唑0.2g*100片+阿莫西林0.25g*50粒*2+胶体果胶铋50mg*24粒*2 幽门螺旋杆菌,//item.jd.com/100044977797.html,100044977797,46.60
117,100035745620,沃华 逍遥丸（水丸）9克*20袋 疏肝健脾 养血调经,//item.jd.com/100035745620.html,100035745620,39.00
117,100040357437,花红硫酸锌口服溶液100ml：0.2g*100ml食欲缺乏异食癖贫血缺锌生长发育迟缓痤疮结膜炎口疮,//item.jd.com/100040357437.html,100040357437,27.00
117,100051043647,无限能鱼腥草破壁饮片2g/袋*8袋*1盒 清热解毒 消痈排脓 利尿通淋 用于肺痈吐脓 痰热喘咳 热痢热淋,//item.jd.com/100051043647.html,100051043647,53.00
117,5553051,仁和 风油精9.3ml/瓶 清凉止痒止痛用于蚊虫叮咬及伤风感冒引起的头痛 头晕 晕车不适,//item.jd.com/5553051.html,5553051,15.20
117,100042741856,禾沐康 茯苓 0.5kg/袋（统）,//item.jd.com/100042741856.html,100042741856,47.60
117,100042204931,苏紫堂 红景天粉 2g*30袋/盒,//item.jd.com/100042204931.html,100042204931,109.00
117,100033466967,同仁堂 红景天 100g,//item.jd.com/100033466967.html,100033466967,105.00
117,100020254471,京可新 匹伐他汀钙分散片2mg*12片 高胆固醇血症 家族性高胆固醇血症,//item.jd.com/100020254471.html,100020254471,50.00
117,100033381555,同仁堂 百合 100g/袋,//item.jd.com/100033381555.html,100033381555,56.00
117,100015360538,爱博新 哌柏西利胶囊 125mg*21粒 晚期转移性乳腺癌，绝经后女性内分泌治疗,//item.jd.com/100015360538.html,100015360538,4580.00
117,100054390515,丽芙阿达帕林凝胶0.1%*35g+质润尿素维E肌肤修护乳液150g,//item.jd.com/100054390515.html,100054390515,122.90
117,100034547380,金诃 六味明目丸0.5g*48丸 清热泻火 平肝明目 用于肝火上炎所致的目赤肿痛 羞明流泪 视物不清,//item.jd.com/100034547380.html,100034547380,189.00
117,100034547380,金诃 六味明目丸0.5g*48丸 清热泻火 平肝明目 用于肝火上炎所致的目赤肿痛 羞明流泪 视物不清,//item.jd.com/100034683968.html,100034683968,189.00
117,100052330883,禾沐康 山药 0.5kg/袋（选）,//item.jd.com/100052330883.html,100052330883,52.00
117,100020193874,昆中药 益母颗粒 5克*8袋活血调经止痛血瘀月经不调痛经。,//item.jd.com/100020193874.html,100020193874,17.50
117,100016703679,克逗 阿达帕林凝胶0.1%*25g,//item.jd.com/100016703679.html,100016703679,35.00
117,100022144781,旺龙 牛黄清胃丸 6g*10丸,//item.jd.com/100022144781.html,100022144781,52.86
117,100027565828,韩都 通窍鼻炎片 0.31g*24片 鼻炎散风固表宣肺通窍慢性鼻炎过敏性鼻炎,//item.jd.com/100027565828.html,100027565828,10.00
117,100029573560,雪藤草 雪藤草 暖胃舒乐片 0.25g*12片*3板,//item.jd.com/100029573560.html,100029573560,7.00
117,100026870628,永信 硝酸咪康唑阴道片8片妇科用药阴道炎 阴道瘙痒念珠菌霉菌外阴阴道病一盒一疗程,//item.jd.com/100026870628.html,100026870628,25.80
117,100036738700,美商 米诺地尔酊 5%*45ml 治疗男性型脱发和斑秃脱发生发,//item.jd.com/100036738700.html,100036738700,98.00
117,3546442,神奇 全天麻胶囊 0.5g*12粒/板/盒眩晕头痛 肢体麻木,//item.jd.com/3546442.html,3546442,9.00
117,100008252563,普润明 氯化钠滴眼液 10支/盒眼睛干涩症隐形眼镜美瞳眼药水视疲劳正品,//item.jd.com/100008252563.html,100008252563,39.90
117,6237197,仁和 辛伐他汀胶囊 10mg*10粒*2瓶/盒 高胆固醇血症 混合型高脂血症 冠心病 脑中风防治,//item.jd.com/6237197.html,6237197,25.00
117,100034678082,闽海 抗骨增生片 12片*4板 补肾活血止痛 用于肥大性脊椎炎 颈椎病 增生性关节炎,//item.jd.com/100034678082.html,100034678082,17.50
117,100009201141,爱博新 哌柏西利胶囊 100mg*21粒 乳腺癌 肿瘤用药,//item.jd.com/100009201141.html,100009201141,3890.00
117,100018240505,盛动力 龟鹿二仙膏 100ml*2瓶 温肾益精 补气养血 用于肾虚精亏所致的痠软,//item.jd.com/100018240505.html,100018240505,429.00
117,100027088204,九华 孕康口服液 100ml/瓶 健脾固肾 养血安胎,//item.jd.com/100027088204.html,100027088204,171.00
117,100019216601,德济石斛夜光丸8袋/盒阴虚火旺视物昏花肝肾两亏内障目暗,//item.jd.com/100019216601.html,100019216601,12.60
117,100009144686,良福制药 艾力可 维A酸片 20mg*10片 痤疮 银屑病,//item.jd.com/100009144686.html,100009144686,294.00
117,100014111454,协和 联苯双酯滴丸 1.5mg*250丸,//item.jd.com/100014111454.html,100014111454,11.00
117,100027644868,万全 大哥 盐酸舍曲林片 50mg*7片*3板/盒,//item.jd.com/100027644868.html,100027644868,99.00
117,100019482508,莫愁 新清宁胶囊 0.3g*12粒*3板 清热解毒 活血化瘀 缓下 用于内结实热 喉肿 牙痛 目赤 便秘,//item.jd.com/100019482508.html,100019482508,48.70
117,100022511460,同仁堂 西黄清醒丸6g*10丸用于肺胃温热引起的口苦舌燥咽喉肿痛烦躁不安气滞胸满头晕耳鸣,//item.jd.com/100022511460.html,100022511460,28.80
117,100052318935,艾迪 复邦德 艾诺米替片 30片/瓶 用于治疗成人HIV-1感染 艾滋病治疗,//item.jd.com/100052318935.html,100052318935,1125.00
117,100020031599,莎普爱思 苄达赖氨酸滴眼液（0.3ml：1.5mg ）0.3ml/支*40支早期老年性白内障,//item.jd.com/100020031599.html,100020031599,115.00
117,100021762486,阜药 阿拉坦五味丸 6g*3瓶 用于胃肠炽热，宿食不消，肝胆热症，黄疸。,//item.jd.com/100021762486.html,100021762486,20.00
117,100035927232,帝益 消旋山莨菪碱片 5mg*100片 平滑肌痉挛胃肠绞痛胆道痉挛以及有机磷中毒,//item.jd.com/100035927232.html,100035927232,62.22
117,100020409673,一品红 益气健脾口服液 10ml*18支 健脾益气 和胃化食 用于脾胃虚弱不思饮食食后腹胀神倦乏力消化不良脾虚,//item.jd.com/100020409673.html,100020409673,248.50
117,100029362682,药王孙真人 知柏地黄丸（浓缩丸）480丸 滋阴降火用于阴虚火旺潮热盗汗口干咽痛,//item.jd.com/100029362682.html,100029362682,61.00
117,100033656618,泰华堂 藿香正气胶囊 0.25g*12粒 解表化湿理气和中外感风寒内伤湿滞头痛昏重胸膈痞闷脘腹胀痛呕吐泄泻,//item.jd.com/100033656618.html,100033656618,23.80
117,3120929,邦力 曲安奈德益康唑乳膏 15g,//item.jd.com/3120929.html,3120929,18.50
117,100023990171,志得快 小儿热速清糖浆 10毫升/支*8支/盒,//item.jd.com/100023990171.html,100023990171,27.80
117,100047751853,永吉 复合维生素B片 100片/瓶,//item.jd.com/100047751853.html,100047751853,8.50
117,100049160889,力唐宁（LingTangNing）伏格列波糖片 0.2mg*30片/盒　改善糖尿病餐后高血糖,//item.jd.com/100049160889.html,100049160889,42.70
117,100022700129,扶正 复方梨汁润肺茶 5g*9块 健脾润肺 止咳化痰 用于脾肺两虚证所致咳嗽咳痰气短,//item.jd.com/100022700129.html,100022700129,45.00
117,100012382642,一笑堂 龟鹿药业 鹿角胶125g 温补肝肾 益精养血 血虚头晕 腰膝酸冷 虚劳消瘦,//item.jd.com/100012382642.html,100012382642,588.00
118,100036638525,御室 明目地黄丸 9克*10袋/盒,//item.jd.com/100036638525.html,100036638525,10.50
118,100006194278,云南白药云丰感冒止咳颗粒10g*8袋止咳化痰清热风热头痛鼻塞咽喉肿痛咳嗽,//item.jd.com/100006194278.html,100006194278,28.00
118,100047751841,爽度 他达拉非片 20mg*1片/板*11板治疗勃起功能障碍,//item.jd.com/100047751841.html,100047751841,158.00
118,100016128819,药王孙真人 十全大补丸（浓缩丸）480丸 温补气血用于气血两虚面色苍白气短心悸,//item.jd.com/100016128819.html,100016128819,61.00
118,100017807427,培邦 香砂六君丸 400丸/盒 用于脾虚气滞消化不良嗳气食少脘腹胀满,//item.jd.com/100017807427.html,100017807427,33.50
118,100025885815,太极 枸橼酸喷托维林滴丸 25mg*20粒,//item.jd.com/100025885815.html,100025885815,36.00
118,100048247143,立丞 鼻宁喷雾剂 10ml/瓶 疏风解表清热通窍用于急慢性鼻炎过敏性鼻炎,//item.jd.com/100048247143.html,100048247143,99.00
118,100041418722,神助攻 葡醛内酯片 0.1g*60片*6瓶,//item.jd.com/100041418722.html,100041418722,360.00
118,100019847455,叶开泰 健民咽喉片香橙12片*2板 清音利咽声音嘶哑防治咽喉肿痛失音上呼吸道炎,//item.jd.com/100019847455.html,100019847455,19.50
118,100014091357,德济 七叶神安片 20片*3板 益气安神 用于心气不足所致的心悸 失眠,//item.jd.com/100014091357.html,100014091357,22.50
118,100032917599,礼来 LILLY 艾乐明 巴瑞替尼片 2mg*28片/盒*2盒 类风湿关节炎,//item.jd.com/100032917599.html,100032917599,2020.00
118,100017796286,金戈 枸橼酸西地那非片 0.1g*5片 白云山伟哥治疗勃起功能障碍 粉色西地那非 小粉片 男科专科用药,//item.jd.com/100017796286.html,100017796286,397.00
118,100037258063,紫琉璃 头风痛丸 8g*10袋,//item.jd.com/100037258063.html,100037258063,39.00
118,100025329055,丽芙甲硝唑凝胶10g+质润15%壬二酸净颜露5g 甲硝锉凝胶甲硝唑凝胶+15%壬二酸凝胶祛痘去黑头,//item.jd.com/100025329055.html,100025329055,31.70
118,100032560396,福元 碘酊2% 20ml/支*10瓶 用于皮肤感染和消毒。,//item.jd.com/100032560396.html,100032560396,26.80
118,100020729617,安友 哈敦海鲁木勒十三味丸 30粒*2板 清腑热,//item.jd.com/100020729617.html,100020729617,58.00
118,100033466937,悦康志德 西洋参50g/瓶 补气养阴 清热生津,//item.jd.com/100033466937.html,100033466937,97.20
118,100015861033,丽珠 枸橼酸铋钾片/替硝唑片/克拉霉素片组合包装8片*14盒+壹丽安 艾普拉唑肠溶片5mg*6片*3幽门螺杆菌四联药,//item.jd.com/100015861033.html,100015861033,503.00
118,100015861033,丽珠 枸橼酸铋钾片/替硝唑片/克拉霉素片组合包装8片*14盒+壹丽安 艾普拉唑肠溶片5mg*6片*3幽门螺杆菌四联药,//item.jd.com/100028357012.html,100028357012,503.00
118,100024177375,海王 五子衍宗丸 6g*10袋,//item.jd.com/100024177375.html,100024177375,21.50
118,100051562801,润美康医药 口腔炎喷雾剂 10ml 清热解毒 消炎止痛 口腔溃疡 咽喉炎 小儿口腔炎 口腔炎,//item.jd.com/100051562801.html,100051562801,31.50
118,100051562801,润美康医药 口腔炎喷雾剂 10ml 清热解毒 消炎止痛 口腔溃疡 咽喉炎 小儿口腔炎 口腔炎,//item.jd.com/100051435993.html,100051435993,31.50
118,100051562801,润美康医药 口腔炎喷雾剂 10ml 清热解毒 消炎止痛 口腔溃疡 咽喉炎 小儿口腔炎 口腔炎,//item.jd.com/100041417376.html,100041417376,31.50
118,100044326115,硬核医生 米诺地尔酊 5％*56毫升,//item.jd.com/100044326115.html,100044326115,128.00
118,100016218382,爱博新 哌柏西利胶囊 75mg*21粒 乳腺癌 肿瘤用药,//item.jd.com/100016218382.html,100016218382,3157.00
118,100026232077,太极 葡萄糖酸钙维D2咀嚼片 48片用于维生素D和钙缺乏症,//item.jd.com/100026232077.html,100026232077,88.00
118,100036378845,云南白药 板蓝根颗粒 10g*20袋/包清热解毒 凉血利咽 咽喉肿痛 急性扁桃体炎,//item.jd.com/100036378845.html,100036378845,30.00
118,100028494267,安博司 吡非尼酮片 0.2g*9T*7板 用于轻、中度特发性肺间质纤维化,//item.jd.com/100028494267.html,100028494267,1680.00
118,100024580520,九典 久悦 洛索洛芬钠凝胶贴膏14cm*10cm*1贴3盒装 用于消炎镇痛骨关节炎肌肉痛外伤后的肿胀疼痛,//item.jd.com/100024580520.html,100024580520,78.00
118,100030165177,恒玉佳 六味地黄丸9g*6丸/盒六位地黄地丸男用补肾养精调理肾虚中药材肾阴亏损头晕耳鸣腰膝酸遗精,//item.jd.com/100030165177.html,100030165177,28.00
118,100028666321,康缘 克霉唑阴道片 500mg*1片 用于念珠菌性外阴阴道病,//item.jd.com/100028666321.html,100028666321,9.90
118,100038472322,华北制药 烧伤喷雾剂 40ml*1瓶/盒,//item.jd.com/100038472322.html,100038472322,14.50
118,100038817640,德思卓 多拉米替片 30片/盒 艾滋病阻断药 治疗HIV-1感染,//item.jd.com/100038817640.html,100038817640,1490.00
118,100012562377,宏济堂 血府逐瘀口服液 10ml*12支,//item.jd.com/100012562377.html,100012562377,30.00
118,100017597084,九芝堂足光散40g*5袋*3盒+金达克宁酮康唑乳膏15克除脚臭泡脚治脚气泡脚气膏止痒脱皮烂脚丫的药,//item.jd.com/100017597084.html,100017597084,72.60
118,100027443419,美优 奥美拉唑肠溶胶囊 20mg*14粒,//item.jd.com/100027443419.html,100027443419,15.80
118,100015335063,碧凯 克霉唑阴道片 0.5g*1片 用于念珠菌性外阴阴道病,//item.jd.com/100015335063.html,100015335063,20.50
118,100027087579,爱怡令 盐酸曲美他嗪片 20mg*45片/盒,//item.jd.com/100027087579.html,100027087579,19.00
118,100038088897,德良方 半枝莲胶囊 0.31g*30粒 清热解毒 急性咽炎,//item.jd.com/100038088897.html,100038088897,14.80
118,100033149809,童诺异维A酸红霉素凝胶10g*1支/盒+奥络夫西地酸乳膏2%(20g:0.4g)20g,//item.jd.com/100033149809.html,100033149809,54.00
118,100016327426,康王酮康唑洗剂2%*50ml 2盒 用于头皮糠疹局部性花斑癣脂溢性皮炎,//item.jd.com/100016327426.html,100016327426,67.80
118,100026468693,同仁堂 TRT 益母草颗粒15g*12袋,//item.jd.com/100026468693.html,100026468693,30.00
118,100007240071,能全力 肠内营养混悬液（TPF） 1.0kcal/ml*500ml 12瓶 肠内营养,//item.jd.com/100007240071.html,100007240071,504.00
118,100038411568,四方同泰 伤湿祛痛膏 7cm*10cm*8贴/盒,//item.jd.com/100038411568.html,100038411568,4.90
118,100020469223,邦琪集团 健儿消食口服液 10毫升*6支 健脾益胃 理气消食,//item.jd.com/100020469223.html,100020469223,13.50
118,3120671,维和 田七痛经胶囊 0.4g*12片*2板,//item.jd.com/3120671.html,3120671,8.00
118,100045854718,洛芙联苯苄唑溶液60ml*3瓶+洛芙盐酸特比萘芬乳膏1%*25g*2盒,//item.jd.com/100045854718.html,100045854718,138.00
118,100045854718,洛芙联苯苄唑溶液60ml*3瓶+洛芙盐酸特比萘芬乳膏1%*25g*2盒,//item.jd.com/100054389797.html,100054389797,138.00
118,100028706953,太极 维生素C咀嚼片100mg*15片*2瓶/盒 预防坏血病及各种及各种慢性传染疾病的辅助治疗。,//item.jd.com/100028706953.html,100028706953,36.00
118,100022019098,利贝舒 利伐沙班片 10mg*5片 预防静脉血栓形成,//item.jd.com/100022019098.html,100022019098,96.50
118,100022229458,同仁堂 塞隆风湿酒 300ml 祛风散寒除湿通络止痛补益肝肾用于风寒湿痹引起的关节疼痛,//item.jd.com/100022229458.html,100022229458,118.00
118,100015826974,福和 痔疮胶囊 0.3克*12粒*3板 大便秘结 肛裂 少量便血,//item.jd.com/100015826974.html,100015826974,28.00
118,100010372303,金诃 七味地骨胶囊0.3g*48粒/盒 滋阴润燥 化瘀通络 用于阴虚血瘀所引起的消渴 Ⅱ型糖尿病见上述症候者,//item.jd.com/100010372303.html,100010372303,119.00
118,100045565808,清气化痰丸6g*6袋 3盒,//item.jd.com/100045565808.html,100045565808,83.40
118,100045565808,清气化痰丸6g*6袋 3盒,//item.jd.com/100045565780.html,100045565780,83.40
118,100051685845,鲁安 铝碳酸镁咀嚼片 0.5g*8片*2板/盒 慢性胃炎 与胃酸有关的胃部不适症状 如胃痛 胃灼热感(烧心) 酸性暖气 饱胀,//item.jd.com/100051685845.html,100051685845,15.00
118,100013338610,立效 大山楂丸9g*10丸/盒消化不良开胃消食食欲不振食积腹胀,//item.jd.com/100013338610.html,100013338610,19.00
118,100052096179,信达泰 硫酸氢氯吡格雷片 75mg*7片,//item.jd.com/100052096179.html,100052096179,19.80
118,100020538351,瑞彤 盐酸吡格列酮片 30mg*7片 2型糖尿病,//item.jd.com/100020538351.html,100020538351,30.90
118,100008261961,仁和 六味地黄胶囊0.3克*60粒 滋阴补肾 用于腰膝酸软 头晕耳鸣,//item.jd.com/100008261961.html,100008261961,42.00
118,100025644008,同仁堂 醒消丸3g*10瓶,//item.jd.com/100025644008.html,100025644008,680.00
118,100005989271,天安 安多美 格列美脲片 2mg*12片*2板/盒 2型糖尿病 降血糖 降糖药 糖尿病用药 控血糖 控糖药,//item.jd.com/100005989271.html,100005989271,21.00
118,100051736291,一正 血府逐瘀丸 9g*10丸/盒 活血祛瘀 胸痛 心悸失眠 急躁易怒【2盒装】,//item.jd.com/100051736291.html,100051736291,42.00
118,100018474562,金诃 益肝活血明目丸 0.5g*24丸 养肝益气 活血明目 用于肝阴不足 视物不清 视疲劳 青少年视力下降,//item.jd.com/100018474562.html,100018474562,139.00
118,100036094519,百会泰德铝碳酸镁咀嚼片0.5g*20片/盒慢性胃炎胃部不适胃痛胃灼热烧心嗳气饱胀,//item.jd.com/100036094519.html,100036094519,19.80
119,100045421517,三零饮帝 丹参精选70g*1袋,//item.jd.com/100045421517.html,100045421517,13.10
119,100042924557,禾沐康 玫瑰花 40g/瓶（特选）,//item.jd.com/100042924557.html,100042924557,19.80
119,100043564747,玉仁 复方和血丸 1.4g*15袋,//item.jd.com/100043564747.html,100043564747,10.00
119,100029589548,立效 立效 川芎茶调丸 6g*6袋,//item.jd.com/100029589548.html,100029589548,11.50
119,100025935507,孔府 健儿消食口服液 10ml*6支,//item.jd.com/100025935507.html,100025935507,6.00
119,100024281023,扬子江 氯沙坦钾片 100mg*7片/板*1板 治疗高血压,//item.jd.com/100024281023.html,100024281023,47.00
119,100026232075,凯宝 氨甲环酸片 0.125g*100片 用于急性或慢性 局限性或全身性原发性纤维蛋白溶解亢进所致各种出血,//item.jd.com/100026232075.html,100026232075,280.00
119,100026414567,联环宽欣 非洛地平缓释胶囊 2.5mg*20粒,//item.jd.com/100026414567.html,100026414567,17.00
119,100019847313,叶开泰健民咽喉片 12片*2板可可味 防治咽喉肿痛 声音嘶哑 润喉 咽痛咽喉含片,//item.jd.com/100019847313.html,100019847313,19.50
119,3325184,本草纲目 安眠补脑糖浆 100毫升*1瓶*5小盒 益气滋肾养心安神失眠头昏,//item.jd.com/3325184.html,3325184,124.00
119,100017411835,新峰药业 新峰药业 复方丹参片60片,//item.jd.com/100017411835.html,100017411835,6.30
119,100025363327,太极 归芪生血颗粒6g*9袋 健脾益肾调畅气血用于脾肾不足气血亏虚 肌肤失养所致颜面枯燥干黄,//item.jd.com/100025363327.html,100025363327,68.00
119,100052044781,乐仁堂 清喉利咽颗粒 5g*18袋 咽喉发干声音嘶哑急慢性咽炎扁桃体炎,//item.jd.com/100052044781.html,100052044781,59.00
119,100044320016,999锁阳固精丸 6g*10袋 温肾固精 遗精早泄 肾阳不足 腰膝酸软 头晕耳鸣,//item.jd.com/100044320016.html,100044320016,39.80
119,100022439316,森福罗 盐酸普拉克索片0.25mg*30片*9盒 本品用于治疗成人特发性帕金森病的体征和症状,//item.jd.com/100022439316.html,100022439316,1278.00
119,100011027613,胡庆余堂 调经养血丸60g*2瓶 补血 理气 调经 月经不调 腰酸腹胀,//item.jd.com/100011027613.html,100011027613,108.90
119,100009879885,得百安 氟比洛芬凝胶贴膏 40mg*6贴 （2盒）骨关节炎镇痛贴膏 氟比洛芬巴布膏 消炎镇痛,//item.jd.com/100009879885.html,100009879885,130.00
119,100033724055,百年禾 净山楂 90克,//item.jd.com/100033724055.html,100033724055,19.90
119,100030613021,百花牌 六味防脱生发酊120ml 养血活血祛风,//item.jd.com/100030613021.html,100030613021,179.00
119,100010815433,佐今明 消食养胃片0.32g*12片*5板/盒和胃止呕舒气宽胸用于消化不良，呕吐酸水60片装,//item.jd.com/100010815433.html,100010815433,38.00
119,100034152509,悦康志德 茉莉花25g/瓶 和胃行气 健脾止泻,//item.jd.com/100034152509.html,100034152509,15.20
119,3116767,信龙碘酊2% 250ml用于皮肤感染和消毒,//item.jd.com/3116767.html,3116767,33.90
119,7249640,南京同仁堂 乐家老铺六味地黄丸（浓缩丸）360丸*2瓶 滋阴补肾 盗汗遗精 腰膝酸软 肾阴亏损 头晕耳鸣,//item.jd.com/7249640.html,7249640,98.00
119,100041510766,威立戒 酒石酸伐尼克兰片启动装（ 0.5mg*11片和1.0mg*14片）/盒 成人戒烟药物(品),//item.jd.com/100041510766.html,100041510766,297.00
119,100024760997,龙牧 健民 小儿解感颗粒 2.5g*12袋 感冒发烧 头痛鼻塞咳嗽喷嚏 咽喉肿痛,//item.jd.com/100024760997.html,100024760997,22.00
119,100037117486,全善堂 归脾片0.45g*36片/瓶/盒,//item.jd.com/100037117486.html,100037117486,55.00
119,100040133638,鲁南 柴银颗粒 8g*10袋 感冒中药 发烧咳嗽 头痛咽痛 清热解毒 利咽止咳 鼻塞流涕,//item.jd.com/100040133638.html,100040133638,65.00
119,100047819315,良济 健儿消食口服液10ml*12支/盒,//item.jd.com/100047819315.html,100047819315,38.00
119,100034186254,归真堂熊胆粉 0.25g*10瓶/盒【 6盒装】 清热平肝明目，用于惊风抽搐，外治目赤肿痛、咽喉肿痛！,//item.jd.com/100034186254.html,100034186254,3900.00
119,100016280174,同仁堂 TRT 五福化毒丸 30克 清热解毒 凉血消肿 血热毒盛 小二疮疖 喉咙肿痛,//item.jd.com/100016280174.html,100016280174,27.00
119,100028548871,葫芦世家 银翘解毒合剂10ml*6袋/盒 辛凉解表清热解毒风热头痛咳嗽口感咽喉疼痛,//item.jd.com/100028548871.html,100028548871,38.00
119,100036644492,东阳光 阿达帕林凝胶 0.1%*30g/支/盒 粉刺痤疮祛痘,//item.jd.com/100036644492.html,100036644492,19.00
119,100037253192,六棉牌 石岐外感茶 65g,//item.jd.com/100037253192.html,100037253192,8.00
119,100009641181,欧意 复方氨酚烷胺胶囊 20粒/盒 缓解普通感冒流行性感冒引起的发热头痛 鼻塞 咽痛,//item.jd.com/100009641181.html,100009641181,19.00
119,100006049752,云南白药消炎退热颗粒10g*12袋清热解毒凉血消肿用于外感热病症见发热头痛口干口渴咽喉肿痛上呼吸道感染,//item.jd.com/100006049752.html,100006049752,32.00
119,100037677356,迪沙 迪沙 牛磺酸颗粒8袋/盒,//item.jd.com/100037677356.html,100037677356,27.00
119,100020344853,人福 人福 维生素B6片 10mg*100片/瓶 预防和治疗维生素B6缺乏症如脂溢性皮炎唇干裂,//item.jd.com/100020344853.html,100020344853,15.00
119,100023990169,旺龙 参苓白术颗粒 6g*18袋,//item.jd.com/100023990169.html,100023990169,72.00
119,100008090135,三精牌葡萄糖酸锌口服溶液10ml*12支*3盒 营养不良 厌食症 异食癖 口腔溃疡 痤疮 生长发育迟缓,//item.jd.com/100008090135.html,100008090135,101.70
119,100042330756,天施康 复方鱼腥草滴丸 2.5g*9袋 清热解毒 急性咽炎 急性扁桃体炎,//item.jd.com/100042330756.html,100042330756,37.00
119,100015086601,澳夫清 卡泊三醇软膏30g银屑病牛皮癣+澳能卤米松乳膏15g脂溢性,//item.jd.com/100015086601.html,100015086601,105.00
119,100014527173,本草纲目 小儿咳喘灵颗粒 2g*10袋*4盒 宣肺 清热 止咳 祛痰,//item.jd.com/100014527173.html,100014527173,112.00
119,100030693516,扶正 大黄通便颗粒12g*8袋,//item.jd.com/100030693516.html,100030693516,15.80
119,100034250174,新峰药业 新峰药业 感冒灵颗粒 10g*9袋,//item.jd.com/100034250174.html,100034250174,13.00
119,4783379,奥星 肿痛安胶囊 0.28g*36粒 祛风化痰 行瘀散结 消肿定痛 风湿关节痛 风湿骨外用药,//item.jd.com/4783379.html,4783379,19.50
119,100038142738,百裕畅 依托考昔片60mg*6片*2板/盒,//item.jd.com/100038142738.html,100038142738,50.00
119,100021698569,佳淘 格列齐特片(II) 80mg*15片*4板,//item.jd.com/100021698569.html,100021698569,16.00
119,4566647,圣泰 小儿热速清颗粒 10袋 用于风热感冒 发热头痛 咽喉红肿 鼻塞流黄涕 咳嗽便秘,//item.jd.com/4566647.html,4566647,19.00
119,100037388182,迪沙 迪沙 头孢克洛颗粒0.125g*6袋,//item.jd.com/100037388182.html,100037388182,24.90
119,100003131828,康恩贝 复方鱼腥草滴丸2.5g*6袋 喉咙痛 急性咽炎 急性扁桃体炎,//item.jd.com/100003131828.html,100003131828,21.00
119,100027182070,上海医药 SHANGHAI PHARMA 鼎炉 调经补血丸 0.3g*24粒*3板 理气养血通经用于血虚气滞月经不调腰酸腹痛,//item.jd.com/100027182070.html,100027182070,53.50
119,100026126010,和盛堂 当归腹痛宁滴丸 15粒*7袋治疗痛经解痉止痛,//item.jd.com/100026126010.html,100026126010,48.00
119,100020729437,唐弗 格列美脲胶囊 2mg*10粒/板*2板/盒,//item.jd.com/100020729437.html,100020729437,23.00
119,100034903584,智唐 格列吡嗪控释片5mg*20片/盒,//item.jd.com/100034903584.html,100034903584,29.00
119,100048061073,粤威 麝香止痛贴膏 7cm*10cm*4片*3袋,//item.jd.com/100048061073.html,100048061073,35.00
119,100018058376,金丐 醋酸钙颗粒 无糖型 3g*20包骨质疏松手足抽搐症骨发育不全佝偻病儿童老人补钙京东大药房,//item.jd.com/100018058376.html,100018058376,53.00
119,100044180825,诺金 喉舒宁片 24片/盒,//item.jd.com/100044180825.html,100044180825,24.00
119,100028463596,欣卫平 二甲双胍格列吡嗪胶囊 10粒/盒 降糖药 降血糖 糖尿病用药 控糖药 控血糖,//item.jd.com/100028463596.html,100028463596,30.00
119,100034903716,楚可 盐酸特比萘芬乳膏1%*30g脚气手癣 足癣 体癣 股癣 花斑癣 皮肤念珠菌病 皮肤用药,//item.jd.com/100034903716.html,100034903716,39.80
119,100028548887,葫芦爸 复方感冒灵片0.45g*24片/盒 感冒发热微恶风寒头身痛口干而渴鼻塞涕浊咽喉红肿疼痛咳嗽痰黄粘稠,//item.jd.com/100028548887.html,100028548887,18.00
120,100001734040,本草纲目 十全大补酒 500毫升/瓶/盒 温补气血 用于气血两虚 面色苍白 头晕体倦乏力四肢不温月经量多 李时珍,//item.jd.com/100001734040.html,100001734040,158.00
120,100030167572,扬子江 扶严宁 醋酸曲安奈德益康唑乳膏 15g *2支/盒 伴有真菌感染的皮炎 湿疹 可用于手足癣 体癣 甲沟炎,//item.jd.com/100030167572.html,100030167572,29.00
120,100014130145,鲁南 生脉饮 10ml*10支 益气 养阴生津 气阴两亏 心悸气短 自汗,//item.jd.com/100014130145.html,100014130145,99.00
120,5797332,同仁堂 香苏正胃丸 3g*10丸 解表化湿 和中消食 小儿署湿感冒 头疼发热 腹痛胀满 呕吐泄泻 小便不利,//item.jd.com/5797332.html,5797332,25.00
120,100039781339,金日 盐酸克林霉素凝胶10克：0.1克*25g,//item.jd.com/100039781339.html,100039781339,25.00
120,100027803889,马应龙 维生素AD滴剂(胶囊型)(1岁以下) 12粒*3板 维生素ad0-1岁 用于预防和治疗维生素A及D的缺乏症,//item.jd.com/100027803889.html,100027803889,19.80
120,100026414497,隆顺榕 蒲地蓝消炎片 0.31g*24片*3板 清热解毒抗炎消肿疖肿咽炎,//item.jd.com/100026414497.html,100026414497,39.80
120,5024889,21金维他 多维元素片(21) 60片*5瓶 复合维生素B族矿物质 补充成人维生素C 含赖氨酸 维生素AD,//item.jd.com/5024889.html,5024889,249.00
120,6416217,21金维他 多维元素片(21) 60片*4瓶 礼盒装 复合维生素B族矿物质 补充成人维生素C 含赖氨酸 维生素AD,//item.jd.com/6416217.html,6416217,206.00
120,100034546794,恩华 适洛特 萘普生缓释胶囊 0.25g*12粒,//item.jd.com/100034546794.html,100034546794,55.00
120,100023214674,GUM WELLPLUS 防蛀护理牙膏125g 香草薄荷绿色款 预防牙周病 口臭 日本进口,//item.jd.com/100023214674.html,100023214674,45.00
120,100020530611,同仁堂（TRT）防衰益寿丸3g*30粒,//item.jd.com/100020530611.html,100020530611,1749.00
120,100030228678,杰时乐 盐酸达泊西汀片 30mg*6片 国产口服治疗早泄药,//item.jd.com/100030228678.html,100030228678,99.00
120,100040876712,天施康 肿节风片 0.25g*36片清热解毒 消肿散结 肺炎 阑尾炎 蜂窝组织炎 癌症辅助治疗,//item.jd.com/100040876712.html,100040876712,7.00
120,100026468697,隆顺榕 小儿金丹片 0.2g*24片*1板,//item.jd.com/100026468697.html,100026468697,58.00
120,100026941141,川石 复方醋酸地塞米松乳膏20g：15mg 20g/盒 局限性瘙痒症神经性皮炎接触性皮炎脂溢性皮炎慢性湿疹,//item.jd.com/100026941141.html,100026941141,9.80
120,100026941141,川石 复方醋酸地塞米松乳膏20g：15mg 20g/盒 局限性瘙痒症神经性皮炎接触性皮炎脂溢性皮炎慢性湿疹,//item.jd.com/100026941345.html,100026941345,9.80
120,100019420729,德济 鼻渊片 18片*2板/盒,//item.jd.com/100019420729.html,100019420729,16.80
120,100017937307,21金维他 维生素E软胶囊 72粒/盒 成人补充维生素E缺乏 ve抗氧化 用于心 脑血管疾病辅助治疗,//item.jd.com/100017937307.html,100017937307,98.00
120,100036398074,瑞鹤 熊胆救心丸 6粒*3瓶,//item.jd.com/100036398074.html,100036398074,118.00
120,100047751881,永吉 柴银感冒颗粒 15g*6袋/盒维医：抗乃孜来，平衡体液，调整气质；中医：风热感冒；头痛、发热、咽痛。,//item.jd.com/100047751881.html,100047751881,37.80
120,3226872,东阿阿胶 黄明胶250g 滋阴润燥 养血止血 用于体虚 便秘,//item.jd.com/3226872.html,3226872,268.00
120,100009323611,睿宗堂 鹿角胶 250g/盒温肝补肾 精益养血 用于血虚头晕 腰膝酸冷 虚劳消瘦,//item.jd.com/100009323611.html,100009323611,439.00
120,3546324,太平 风油精 3ml 清凉止痛止痒蚊虫叮咬头痛伤风感冒晕车不适,//item.jd.com/3546324.html,3546324,3.80
120,100025216109,双星 双星 二甲双胍格列本脲片(Ⅱ) 10片/板*5板,//item.jd.com/100025216109.html,100025216109,25.50
120,100019778335,蛮龙 蛮龙液50毫升/瓶*6瓶 补肾壮阳 填精益髓 用于肾虚亏精 阳萎早泄 梦遗滑精 腰膝酸痛,//item.jd.com/100019778335.html,100019778335,598.00
120,100020254463,百美 盐酸曲美他嗪缓释片35mg*15片/板*2板/盒,//item.jd.com/100020254463.html,100020254463,15.00
120,100025935901,太极 葡萄糖酸锌颗粒 70mg*10袋/盒 用于治疗缺铁引起的营养不良、厌食症、异食癖、口腔溃疡等。,//item.jd.com/100025935901.html,100025935901,28.00
120,100022190598,同仁堂 TRT 舒郁九宝丸6g*10丸 胸膈满闷 胃脘疼痛 干哕气逆 纳差 腹胀,//item.jd.com/100022190598.html,100022190598,28.50
120,100029123168,东信 东信 琥乙红霉素片0.125g*12片*2板,//item.jd.com/100029123168.html,100029123168,6.60
120,100008528859,正大天晴 克艾可 恩曲他滨替诺福韦片 30片/瓶 HIV-1感染,//item.jd.com/100008528859.html,100008528859,949.00
120,100020530633,汝立康 参柏舒心颗粒14g*9袋 活血祛瘀 养阴益气 定悸除烦 用于心悸 怔仲 心烦失眠,//item.jd.com/100020530633.html,100020530633,50.00
120,100027770416,澳能卤米松乳膏15g+澳夫清卡泊三醇软膏30g银屑病,//item.jd.com/100027770416.html,100027770416,105.00
120,100023785889,西安正大艽龙胶囊80mg*2*9粒/1盒 用于功能性消化不良属肝胃郁热证者,//item.jd.com/100023785889.html,100023785889,45.00
120,100014130149,本草纲目 大山楂颗粒15g*10袋 开胃消食 用于食欲不振 消化不良,//item.jd.com/100014130149.html,100014130149,24.00
120,100042900320,洛芙生发喷雾米诺地尔酊50ml 男士防脱发育发生发液药水发际线生长增发女士产后脱发护发防掉发搽剂,//item.jd.com/100042900320.html,100042900320,105.00
120,100042900320,洛芙生发喷雾米诺地尔酊50ml 男士防脱发育发生发液药水发际线生长增发女士产后脱发护发防掉发搽剂,//item.jd.com/100052424507.html,100052424507,105.00
120,100042900320,洛芙生发喷雾米诺地尔酊50ml 男士防脱发育发生发液药水发际线生长增发女士产后脱发护发防掉发搽剂,//item.jd.com/100042900240.html,100042900240,105.00
120,100010391415,鲁南 合舒 非那雄胺片 5mg*12片 前列腺增生 降低尿道切除前列腺切除危险性,//item.jd.com/100010391415.html,100010391415,35.00
120,100008342153,凯誉 维格列汀片 50mg*14片/盒 降血糖 降糖药 糖尿病用药 控血糖 控糖药 2型糖尿病,//item.jd.com/100008342153.html,100008342153,34.90
120,100024277497,扬子江 星格 维格列汀片 50mg*7片*2板 2型糖尿病 糖尿病,//item.jd.com/100024277497.html,100024277497,61.50
120,100039899718,安多美 天安 格列美脲片 2mg*12片*1板/盒,//item.jd.com/100039899718.html,100039899718,12.00
120,100047751993,金乌 愈古宁 三乌胶丸 5g*10袋,//item.jd.com/100047751993.html,100047751993,138.00
120,100044225705,南峰牌 左归丸 60g 滋肾补阴 用于真阴不足、腰膝酸软、盗汗、神疲口燥,//item.jd.com/100044225705.html,100044225705,196.00
120,100046454697,雷易得 恩替卡韦分散片 1mg*7片 慢性乙型肝炎,//item.jd.com/100046454697.html,100046454697,48.00
120,100035647682,沛卓 多拉韦林片 100mg*30片*1瓶/盒 治疗HIV-1感染,//item.jd.com/100035647682.html,100035647682,1099.00
120,100016278687,百灵鸟 伤湿祛痛膏10cm*7cm*4片/盒 祛风湿 止痛 用于头痛风湿痛神经痛 扭伤及肌肉酸痛 贵州百灵,//item.jd.com/100016278687.html,100016278687,10.50
120,100040217217,武罗开塞露（含甘油）20ml/支/袋*3袋/盒 用于便秘,//item.jd.com/100040217217.html,100040217217,9.00
120,100016128433,药王孙真人 六味地黄丸（浓缩丸）480丸 滋阴补肾用于肾阴亏损头晕耳鸣腰膝酸软,//item.jd.com/100016128433.html,100016128433,61.00
120,100018821647,泰华堂 六味地黄胶囊0.3g×48粒 滋阴补肾 用于肾阴亏损头晕耳鸣腰膝酸软骨蒸潮热盗汗遗精,//item.jd.com/100018821647.html,100018821647,58.00
120,100018821647,泰华堂 六味地黄胶囊0.3g×48粒 滋阴补肾 用于肾阴亏损头晕耳鸣腰膝酸软骨蒸潮热盗汗遗精,//item.jd.com/100033529558.html,100033529558,58.00
120,100012562179,佑三 复方芩芍樟脑软膏 10g/支 清热解毒 活血凉血 补气养血,//item.jd.com/100012562179.html,100012562179,88.00
120,100027770414,澳能卤米松乳膏1g:0.5mg*15g+奥络夫西地酸乳膏2%(10g:0.2g)*10g痤疮,//item.jd.com/100027770414.html,100027770414,51.50
120,100051149761,新达罗 头抱克洛胶囊 0.25g*12粒 主要用于由敏感菌所致呼吸系统、泌尿系统、耳鼻喉科及皮肤、软组织感染等,//item.jd.com/100051149761.html,100051149761,19.00
120,100044178467,诺金 康尔心胶囊 0.4g*24粒/盒,//item.jd.com/100044178467.html,100044178467,7.80
120,100009896583,白云山 力加寿片 0.34g×45片/瓶×2瓶/盒 补脾益肾 滋阴养血,//item.jd.com/100009896583.html,100009896583,288.00
120,100040829918,多普泰 川芎茶调袋泡剂1.6g*12袋 疏风止痛风邪头痛恶寒发热鼻塞,//item.jd.com/100040829918.html,100040829918,49.00
120,100025885789,太极 维生素EC片 复方40片 用于预防和治疗维生素E和维生素C缺乏引起的疾病,//item.jd.com/100025885789.html,100025885789,88.00
120,100040829490,康婷 布洛芬缓释胶囊 0.3g*10粒*2板/盒,//item.jd.com/100040829490.html,100040829490,18.80
120,100046214240,好医生 丹莪妇康煎膏 15g*2袋 月经不调痛经经期不适调经止痛,//item.jd.com/100046214240.html,100046214240,44.70
120,100025228995,希必可 阿布昔替尼片 100mg*14片 中重度特应性皮炎 激素或生物制剂应答不佳的成人患者 皮肤用药,//item.jd.com/100025228995.html,100025228995,3199.00
120,100041557342,太福 蛇胆川贝液 10ml*6支,//item.jd.com/100041557342.html,100041557342,17.80
120,4231457,仲景 强阳保肾丸6g*15袋*2盒补肾助阳 用于肾阳不足所致的腰酸腿软 精神倦怠 阳痿遗精,//item.jd.com/4231457.html,4231457,326.00
120,100033179597,桑海 肾宝胶囊 0.5g*10粒*8板 调和阴阳 温阳补肾 安神固精,//item.jd.com/100033179597.html,100033179597,89.00
121,100043820221,九珍堂 薏苡仁 精选250克/瓶,//item.jd.com/100043820221.html,100043820221,38.90
121,100045421423,三零饮帝 花椒30g*1袋,//item.jd.com/100045421423.html,100045421423,13.10
121,100051167691,伟哥盐酸达泊西汀片30mg*2片*4板 治疗早泄 男科专科用药 男性用药,//item.jd.com/100051167691.html,100051167691,268.00
121,100026561417,天保发 非那雄胺片 1mg*30片/盒 适用于治疗男性秃发 促进头发生长并防止继续脱发,//item.jd.com/100026561417.html,100026561417,68.00
121,100026006319,道君 奥美拉唑肠溶胶囊 20mg*12粒*2板/盒,//item.jd.com/100026006319.html,100026006319,8.00
121,100030934956,广誉远（GuangYuYuan）安宫牛黄丸3g/丸*5丸/盒,//item.jd.com/100030934956.html,100030934956,1840.00
121,100049317487,多达一 氨氯地平阿托伐他汀钙片5mg:20mg*14片/盒 高血压心绞痛冠心病高胆固醇降压药,//item.jd.com/100049317487.html,100049317487,175.00
121,100039326617,朗美 非布司他片 40mg*16片*1板 薄膜衣,//item.jd.com/100039326617.html,100039326617,40.00
121,100042741810,莱兹 他克莫司软膏 0.1%（10g：10mg）*10g,//item.jd.com/100042741810.html,100042741810,99.00
121,100036638587,康恩贝 安神补脑颗粒2g*24袋 健脑安神 生精补髓 益气养血,//item.jd.com/100036638587.html,100036638587,54.88
121,100014470448,哈药 安宫牛黄丸 3g*2丸 清热解毒 镇惊开窍,//item.jd.com/100014470448.html,100014470448,620.00
121,100034152519,悦康志德 苦丁茶60g/瓶 散风热 清头目 除烦渴,//item.jd.com/100034152519.html,100034152519,22.10
121,100034078835,悦康志德 红景天80g/瓶 益气活血 通脉平喘,//item.jd.com/100034078835.html,100034078835,40.50
121,100014527189,本草纲目 金鸡虎补丸60g*5盒装 补气补血舒筋活络健肾固精 用于四肢麻木腰膝酸痛夜尿频数,//item.jd.com/100014527189.html,100014527189,153.00
121,100034677826,余仁堂 粤威 麝香止痛贴膏 9cm*6cm*5片*2袋/盒,//item.jd.com/100034677826.html,100034677826,36.00
121,100029337226,药王孙真人 香砂养胃丸（浓缩丸）480丸,//item.jd.com/100029337226.html,100029337226,63.00
121,100041419612,东方明 布洛芬片 0.1g*24片/板/盒 用于缓解轻至中度疼痛 普通感冒或流行性感冒引起的发热,//item.jd.com/100041419612.html,100041419612,19.80
121,100034903974,当止 泮托拉唑钠肠溶片 40mg*7片*2板,//item.jd.com/100034903974.html,100034903974,15.00
121,100034261471,葫芦世家 治咳枇杷露 10毫升*9袋 清肺热 止咳 祛痰风热感冒口干痰多咳嗽支气管炎,//item.jd.com/100034261471.html,100034261471,26.00
121,100023297491,胡庆余堂 安宫牛黄丸 3g*1丸*4小盒 清热解毒 镇惊开窍 用于中风昏迷脑膜炎脑脑出血败血症,//item.jd.com/100023297491.html,100023297491,1250.00
121,100021471475,诺为 马来酸曲美布汀干混悬剂 4g:0.1g*6袋,//item.jd.com/100021471475.html,100021471475,25.00
121,100036294066,扬子江龙凤堂 双花百合片 0.4g×18片/板×2板/盒 反复性口腔溃疡 放射性口炎,//item.jd.com/100036294066.html,100036294066,248.00
121,100037309582,桂克 头孢克洛胶囊 0.25g*6粒*1板,//item.jd.com/100037309582.html,100037309582,6.90
121,100041686516,白云山星群 小儿氨酚黄那敏颗粒 6克*10袋/盒 缓解儿童普通感冒引起的发热 头痛 鼻塞 咽痛,//item.jd.com/100041686516.html,100041686516,22.00
121,100016866925,上龙 上龙 安神补心丸（浓缩水丸） 200丸,//item.jd.com/100016866925.html,100016866925,15.00
121,100024233513,扬子江 二甲双胍格列吡嗪片 9片*2板 糖尿病 控制血糖,//item.jd.com/100024233513.html,100024233513,70.00
121,100014527317,同仁堂卫生宝丸3g*10丸/盒 咳嗽 痰多 头疼目眩 怕冷发烧 润肺化痰 口渴咽干 疏风解表 外感风寒,//item.jd.com/100014527317.html,100014527317,21.00
121,100047751879,永吉 附子理中片 0.25g*60片/瓶,//item.jd.com/100047751879.html,100047751879,16.20
121,100035221035,美视伦 乙酰唑胺片0.25g*12片 青光眼,//item.jd.com/100035221035.html,100035221035,190.00
121,100026342707,唐龙 六味地黄丸（浓缩丸） 48粒*4板 滋阴补肾,//item.jd.com/100026342707.html,100026342707,14.30
121,100036078042,悦康 悦康 心力丸 20丸,//item.jd.com/100036078042.html,100036078042,19.90
121,100035885637,华海 华思静 托吡酯片 25mg*60片/盒 初诊为癫痫的患者单药治疗或曾经合并用药现转为单药治疗患者,//item.jd.com/100035885637.html,100035885637,75.60
121,100016128411,药王孙真人 麦味地黄丸（浓缩丸)480丸 滋肾养肺用于肺肾阴亏潮热盗汗咽干眩晕耳鸣,//item.jd.com/100016128411.html,100016128411,63.00
121,100024904636,贝琪 阿折地平片 8mg*7片 高血压症,//item.jd.com/100024904636.html,100024904636,50.00
121,100029347029,双鹭利伐沙班片10mg*10片,//item.jd.com/100029347029.html,100029347029,28.00
121,100043216395,昆药集团（KPC） 多烯酸乙酯软胶囊 0.25g*120粒/盒,//item.jd.com/100043216395.html,100043216395,298.00
121,100020630841,得立坦 氯沙坦钾胶囊 50mg*7粒,//item.jd.com/100020630841.html,100020630841,40.70
121,100023193078,中惠 盐酸二甲双胍片,//item.jd.com/100023193078.html,100023193078,9.90
121,100010762915,佐藤Sato手指角化软膏20g 缓解肌肉疼肩周炎促进血液循环 日本进口,//item.jd.com/100010762915.html,100010762915,65.00
121,100011947961,纬阁 他达拉非片5mg*30片/盒,//item.jd.com/100011947961.html,100011947961,207.50
121,100040794843,新托妥 瑞舒伐他汀钙片10mg*14片*2板 用于高胆固醇血症,//item.jd.com/100040794843.html,100040794843,19.80
121,100019907048,金乌 肝苏分散片 0.5g*48片 降酶 保肝 退黄 健脾 用于慢性肝炎 乙型肝炎 也可用于急性病毒性肝炎,//item.jd.com/100019907048.html,100019907048,35.00
121,100032284807,联环宽欣 盐酸达泊西汀片 30mg*2片,//item.jd.com/100032284807.html,100032284807,38.90
121,100035808632,瑞素坦 雷米普利片 2.5mg*14片 原发性高血压充血性心力衰竭急性心肌梗死（2-9天）后出现的轻到中度心力衰竭,//item.jd.com/100035808632.html,100035808632,27.20
121,100031853154,武都 参芪颗粒 10g*10袋 补中益气 用于气虚所致体弱 四肌无力,//item.jd.com/100031853154.html,100031853154,49.00
121,100038411538,康合森维生素AD滴剂（胶囊型）18粒0-1岁 ad3滴剂防治佝偻病 夜盲症用于预防和治疗维生素A及D缺乏症,//item.jd.com/100038411538.html,100038411538,19.90
121,100038411538,康合森维生素AD滴剂（胶囊型）18粒0-1岁 ad3滴剂防治佝偻病 夜盲症用于预防和治疗维生素A及D缺乏症,//item.jd.com/100038411540.html,100038411540,19.90
121,100034312885,葵花 非布司他片 40mg*8片*2板 适用于痛风患者高尿酸血症的长期治疗,//item.jd.com/100034312885.html,100034312885,40.00
121,100042204927,苏紫堂 鹿茸粉 1g*30袋/盒 壮肾阳 益精血 用于肾阳不足 精血亏损,//item.jd.com/100042204927.html,100042204927,316.00
121,100042760160,禾沐康 净山楂 0.5kg/袋（统）,//item.jd.com/100042760160.html,100042760160,59.00
121,100033769115,百年禾 胖大海 120g 清热润肺 润肠通便 用于肺热 干咳 咽痛,//item.jd.com/100033769115.html,100033769115,58.00
121,100041837837,苏紫堂 三七粉 2g*30袋/盒散瘀止血 消肿定痛 外伤出血 跌扑肿痛,//item.jd.com/100041837837.html,100041837837,142.00
121,100033418983,同仁堂 莲子 100g,//item.jd.com/100033418983.html,100033418983,45.00
121,100016101810,好医生丹莪妇康煎膏150g痛经月经不调疏肝理气经期不适活血化瘀 调经止痛 紫方盒,//item.jd.com/100016101810.html,100016101810,248.00
121,100035179762,德济 喘咳宁片 12片*3板/盒,//item.jd.com/100035179762.html,100035179762,7.00
121,100033736908,泰华堂 复方氨酚烷胺胶囊12粒 用于普通感冒及流行性感冒 发热头痛四肢酸痛打喷嚏流鼻涕鼻塞咽痛,//item.jd.com/100033736908.html,100033736908,13.60
121,100017547479,杰时乐 盐酸达泊西汀片 30mg*1片 治疗早泄,//item.jd.com/100017547479.html,100017547479,30.00
121,100042713485,感林 复方氨酚烷胺胶囊12粒/盒 发热发烧头痛四肢酸痛打喷嚏流鼻涕鼻塞咽痛,//item.jd.com/100042713485.html,100042713485,12.00
121,100015303763,洞渊阁钻山风合剂250ml*1瓶祛风除湿散瘀镇痛舒筋活络用于风寒湿痹引起的腰膝冷痛肢体麻木伸屈不利,//item.jd.com/100015303763.html,100015303763,168.00
121,100017482208,腾药 肤痒颗粒 9g*6袋 皮肤瘙痒 荨麻疹 除湿止痒 祛风活血,//item.jd.com/100017482208.html,100017482208,18.00
121,100010903088,黄连之乡 安乐片 24片*2板 本品用于精神抑郁 失眠 胸闷不适,//item.jd.com/100010903088.html,100010903088,32.00
122,100019610287,沃华 木香顺气丸 6克*10袋 行气化湿 健脾和胃,//item.jd.com/100019610287.html,100019610287,13.37
122,100009861905,腾药 桑菊感冒片12片*4板疏风清热宣肺止咳治疗头痛感冒咳嗽口干咽痛,//item.jd.com/100009861905.html,100009861905,23.00
122,100036069787,恒诚制药 野菊花颗粒 15g*9袋,//item.jd.com/100036069787.html,100036069787,22.00
122,100036226152,葵花 三合钙咀嚼片 120片 预防和治疗钙缺乏症,//item.jd.com/100036226152.html,100036226152,58.00
122,100010246057,康普 补肾益寿片 0.4g*12片*6板 补肾益气 能调节老年人免疫功能趋于正常 用于失眠 耳鸣 腰酸 健忘 倦怠 胸闷气短 夜尿频数,//item.jd.com/100010246057.html,100010246057,108.00
122,100026177465,金桃夜宁颗粒20g*8袋,//item.jd.com/100026177465.html,100026177465,24.50
122,100051539161,成一制药 银黄颗粒 4g*10袋/盒,//item.jd.com/100051539161.html,100051539161,11.80
122,100016538813,瑞华 瑞华 明目地黄丸 200丸 滋肾 养肝 明目,//item.jd.com/100016538813.html,100016538813,9.00
122,100013460563,科糖恩 恩格列净片 10mg*10片 2型糖尿病用药 降糖药 血糖药 降血糖 控制血糖 高血糖 降糖药,//item.jd.com/100013460563.html,100013460563,56.00
122,100029951850,瑞华 瑞华 杞菊地黄丸 200丸 滋肾养肝,//item.jd.com/100029951850.html,100029951850,9.00
122,100023384320,科田 复方十一烯酸锌软膏 15g 用于手癣足癣体癣及股癣,//item.jd.com/100023384320.html,100023384320,29.80
122,100039810699,艾乐久 盐酸达泊西汀片30mg*5片/板*3板/盒,//item.jd.com/100039810699.html,100039810699,239.00
122,100020960165,韩都 韩都 咽炎片0.25g*24片/板/盒,//item.jd.com/100020960165.html,100020960165,5.00
122,100036234541,立方 盐酸曲美他嗪缓释片 35mg*10片*3板/盒,//item.jd.com/100036234541.html,100036234541,23.90
122,100045427906,迈维希五维赖氨酸颗粒5g*16包/盒,//item.jd.com/100045427906.html,100045427906,79.60
122,100026805035,葛洪 桂龙药膏202g/瓶*6瓶/盒*2盒 祛风除湿舒筋活络温肾补血用于风湿骨痛 慢性腰腿痛【1疗程】,//item.jd.com/100026805035.html,100026805035,3400.00
122,100034607024,沃华 小儿退热颗粒 5克*10袋 疏风解表 解毒利咽,//item.jd.com/100034607024.html,100034607024,46.00
122,100042741852,洛芙 环吡酮胺乳膏 15g：0.15g*1支/盒,//item.jd.com/100042741852.html,100042741852,19.00
122,100020031577,和心诺泰 麝香壮骨膏7cm*10cm*5贴*2袋 风湿痛 关节痛 扭伤,//item.jd.com/100020031577.html,100020031577,9.90
122,100037004807,联环宽欣盐酸达泊西汀片30mg*2片/盒,//item.jd.com/100037004807.html,100037004807,38.90
122,100036285954,何济公 联苯苄唑乳膏10g 皮肤真菌病手足癣体股癣花斑癣,//item.jd.com/100036285954.html,100036285954,16.80
122,100034013308,德济 小儿增食片 0.25克* 20片*2板/盒 小儿厌食偏食面黄肌瘦便干食积,//item.jd.com/100034013308.html,100034013308,19.00
122,100028591612,法迪 米格列奈钙片 10mg*24片/盒 改善2型糖尿病患者餐后高血糖,//item.jd.com/100028591612.html,100028591612,46.00
122,100024760883,晶珠 降脂化浊胶囊 0.5g*10粒/板*2板/盒 20粒 高血脂 清热 排毒 化瘀 降脂 浊瘀互阻 高血脂症,//item.jd.com/100024760883.html,100024760883,52.80
122,100018838163,泰华堂 益视颗粒15g*12袋 滋肾养肝 健脾益气 调节视力 用于青少年假性近视 视力疲劳,//item.jd.com/100018838163.html,100018838163,58.00
122,100036076876,维和 小儿氨酚黄那敏颗粒 6克/袋*9袋/盒,//item.jd.com/100036076876.html,100036076876,12.80
122,100024271843,邦勊敏 富马酸卢帕他定片10mg*3片,//item.jd.com/100024271843.html,100024271843,59.00
122,100015546423,京新 京新 琥乙红霉素片0.125g*12片*2板,//item.jd.com/100015546423.html,100015546423,8.90
122,100028268186,力美坚 他达拉非片 5mg*7片 勃起性功能障碍 良性前列腺增生,//item.jd.com/100028268186.html,100028268186,148.00
122,100028268186,力美坚 他达拉非片 5mg*7片 勃起性功能障碍 良性前列腺增生,//item.jd.com/100028268166.html,100028268166,148.00
122,100037912612,宝芝品 灵芝孢子粉胶囊0.2g*90粒 健脾益气，养心安神 用于心脾两虚，病后体弱，肿瘤患者辅助治疗,//item.jd.com/100037912612.html,100037912612,672.00
122,100036076558,艾唐敏林 消糖灵片 0.6g*12片*3板 治疗糖尿病,//item.jd.com/100036076558.html,100036076558,132.00
122,100035720556,人福 盐酸二甲双胍缓释片 500mg*30片/瓶,//item.jd.com/100035720556.html,100035720556,25.00
122,100028605502,达仁堂 清宫寿桃丸 7g*6丸 补肾生精 益元强壮 用于肾虚衰老所致头晕疲倦 记忆力衰退 腰膝酸软,//item.jd.com/100028605502.html,100028605502,858.00
122,100023214688,SUNSTAR GUM Procare含氟牙膏90g 温和香草味 防止牙渍牙周病 日本进口,//item.jd.com/100023214688.html,100023214688,55.00
122,100017852275,大洋 金刚胶囊 0.43g*30粒/盒,//item.jd.com/100017852275.html,100017852275,15.60
122,100035364802,智唐 格列吡嗪控释片5mg*12片,//item.jd.com/100035364802.html,100035364802,19.00
122,100039606507,益寺他达拉非片5mg*8片 用于治疗勃起功能障碍合并良性前列腺增生,//item.jd.com/100039606507.html,100039606507,99.00
122,100036570950,韩都 韩都 喉舒宁片0.25克*24片/盒,//item.jd.com/100036570950.html,100036570950,8.00
122,100013709275,朗生 气血康口服液 10ml*10支/盒 健脾固本 滋阴润燥 生津止渴 神倦乏力 气短心悸 阴虚津少 口干舌燥,//item.jd.com/100013709275.html,100013709275,52.00
122,100025228945,力唐宁（LingTangNing）伏格列波糖片 0.2mg*10片 改善糖尿病餐后高血糖,//item.jd.com/100025228945.html,100025228945,25.00
122,100025228945,力唐宁（LingTangNing）伏格列波糖片 0.2mg*10片 改善糖尿病餐后高血糖,//item.jd.com/100045185777.html,100045185777,25.00
122,100044225725,味禾 碳酸钙二甲硅油咀嚼片 12片*2板,//item.jd.com/100044225725.html,100044225725,22.50
122,100026503860,元和 降糖宁胶囊 0.4g*10粒*6板 用于糖尿病属气阴两虚者,//item.jd.com/100026503860.html,100026503860,32.00
122,100034078857,百年禾 西洋参中片50克/盒 加拿大进口西洋参,//item.jd.com/100034078857.html,100034078857,188.00
122,100044994293,三零饮帝 八角茴香精选30g*1袋,//item.jd.com/100044994293.html,100044994293,13.10
122,100045421489,三零饮帝 黑芝麻精选100g*1袋,//item.jd.com/100045421489.html,100045421489,13.10
122,100033854139,百年禾 红景天 70g 益气活血 通脉平喘 用于气虚血瘀 胸痹心痛 中风偏瘫 倦怠气喘,//item.jd.com/100033854139.html,100033854139,58.00
122,100045421487,三零饮帝 龙眼肉45g*1袋,//item.jd.com/100045421487.html,100045421487,13.10
122,100045421407,三零饮帝 玫瑰花30g*1袋,//item.jd.com/100045421407.html,100045421407,13.10
122,100041894025,苏紫堂 天麻粉 3g*30袋/盒 平肝息风止痉 精制饮片,//item.jd.com/100041894025.html,100041894025,171.00
122,100026561435,天保发 非那雄胺片 1mg*10片/盒 适用于治疗男性秃发 促进头发生长并防止继续脱发,//item.jd.com/100026561435.html,100026561435,29.00
122,100042204913,苏紫堂 葛根粉 3g*30袋/盒 解肌退热 生津止渴 精制饮片,//item.jd.com/100042204913.html,100042204913,85.00
122,100037257755,万邦 参归生发酊 100ml/瓶 养血活血 固表祛风 用于脂溢性皮炎 脱发 斑秃 普秃,//item.jd.com/100037257755.html,100037257755,398.00
122,100052330877,禾沐康 葛根 0.5kg/袋（统）,//item.jd.com/100052330877.html,100052330877,25.00
122,100033033957,百年禾西洋参圆片50克/瓶*2/盒 补气养阴 清热生津,//item.jd.com/100033033957.html,100033033957,258.00
122,4219508,美莎欣 美沙拉秦肠溶片 0.25g*36片 用于溃疡性结肠炎的急性发作和维持治疗,//item.jd.com/4219508.html,4219508,29.40
122,100019650003,瑞华 瑞华 知柏地黄丸 200丸 用于阴虚火旺 潮热盗汗,//item.jd.com/100019650003.html,100019650003,7.50
122,100021506774,长城 灵芝孢子粉胶囊0.2g*30粒中老年 提高增强免疫力 体质,//item.jd.com/100021506774.html,100021506774,248.00
122,100039327787,朗美 盐酸达泊西汀片 30mg*2片*2板 薄膜衣,//item.jd.com/100039327787.html,100039327787,80.00
122,100027529316,汉森 缩泉胶囊 0.3g*60粒*10盒 小便频数 夜间遗尿,//item.jd.com/100027529316.html,100027529316,500.00
122,100021698627,扬子江龙凤堂 双花百合片 0.4g*18片/板*2板/盒 反复性口腔溃疡 放射性口炎,//item.jd.com/100021698627.html,100021698627,248.00
123,100016185253,本草纲目 周公百岁酒500ml 补血生精 调气壮神 用于气血两亏 真阴不足 四肢酸软,//item.jd.com/100016185253.html,100016185253,215.00
123,100035464124,宏兴 妇科白凤口服液 10ml*6瓶 补气养血,//item.jd.com/100035464124.html,100035464124,59.00
123,100034160382,京都念慈菴蜜炼川贝枇杷膏150ml+艾舒右美沙芬愈创甘油醚糖浆150ml止咳糖浆感冒咳嗽化痰清肺,//item.jd.com/100034160382.html,100034160382,73.30
123,100051234625,嘉应双料喉风含片0.45g*6片*6板 清热解毒 咽喉肿痛 牙龈疼痛 消肿利咽,//item.jd.com/100051234625.html,100051234625,68.00
123,100022190536,百慈 麦味地黄胶囊0.35g*60粒/瓶 滋肾养肺 潮热盗汗 咽干咳血 眩晕耳鸣 腰膝酸软 消渴 糖尿病,//item.jd.com/100022190536.html,100022190536,26.90
123,100043521397,万胜 生精片 0.42g*36片,//item.jd.com/100043521397.html,100043521397,133.00
123,100018790877,朝花牌 祛风舒筋丸7g*6丸/盒*3小盒,//item.jd.com/100018790877.html,100018790877,168.00
123,100034296620,沃华 安神补心丸 300丸 养心安神,//item.jd.com/100034296620.html,100034296620,33.00
123,100039084418,青春康源 六味安消丸 3g*6袋,//item.jd.com/100039084418.html,100039084418,65.00
123,100054390105,丽芙甲硝唑凝胶40g+丽芙阿达帕林凝胶35g,//item.jd.com/100054390105.html,100054390105,72.90
123,100034610485,齐鲁济水 龟甲胶250g 滋阴养血 用于阴虚潮热 骨蒸盗汗 腰膝酸软 血虚萎黄,//item.jd.com/100034610485.html,100034610485,1188.00
123,100024271835,扶正贞芪扶正胶囊36粒,//item.jd.com/100024271835.html,100024271835,29.00
123,100033625735,百年禾 铁皮石斛 铁皮枫斗一级50g,//item.jd.com/100033625735.html,100033625735,328.00
123,100045421467,三零饮帝 百合60g*1袋,//item.jd.com/100045421467.html,100045421467,13.10
123,100035098657,澳立欣 异康唑二氟可龙乳膏 10g/支,//item.jd.com/100035098657.html,100035098657,15.50
123,100026385572,阳光老人 参乌健脑胶囊 0.3g*30粒 补肾填精 益气养血 强身健脑 用于肾精不足 精神疲惫 失眠多梦 头晕目眩,//item.jd.com/100026385572.html,100026385572,73.00
123,100035249326,维和 桑菊感冒片 12片*2板*2袋,//item.jd.com/100035249326.html,100035249326,17.00
123,100024598325,汝立康 血复生片0.3g*12片*3板*3盒,//item.jd.com/100024598325.html,100024598325,148.00
123,100033944629,旺龙 三合钙咀嚼片 90片/盒,//item.jd.com/100033944629.html,100033944629,59.00
123,100022601511,扶正 海桂胶囊 0.42g*12粒*3板 温中和胃 清热止痛 胃脘疼痛 口苦口干 胃脘痞十二指肠球部溃疡,//item.jd.com/100022601511.html,100022601511,48.60
123,100045234931,三零饮帝 炒决明子120g*1袋,//item.jd.com/100045234931.html,100045234931,13.10
123,100012180410,一笑堂 龟鹿药业 鹿角胶250g 温补肝肾 益精养血 血虚头晕腰膝酸冷 虚劳消瘦,//item.jd.com/100012180410.html,100012180410,1188.00
123,100042837642,佐力 聚卡波非钙片 0.5g*6片*2板/盒,//item.jd.com/100042837642.html,100042837642,78.20
123,100027114126,鲁南 清欣悦 逍遥颗粒 15g*10袋 疏肝健脾 养血调经 月经不调 食欲减退 胸胁胀痛 郁闷不舒 头晕目眩,//item.jd.com/100027114126.html,100027114126,308.00
123,100019981555,敬修堂补肾填精丸 42g/瓶*2瓶/盒 补气补血 温肾壮阳 适用于气血亏损 肾气不足 腰膝无力 阳痿精冷,//item.jd.com/100019981555.html,100019981555,468.00
123,100023214654,SUNSTAR GUM Procare牙周护理牙膏50g 滋润牙龈护理 含氟牙膏 日本进口,//item.jd.com/100023214654.html,100023214654,35.00
123,100008914291,狮王（LION）日本进口狮王镇痛贴（7cm*10cm）肩痛腰痛肌肉酸痛肩膀痛关节痛12枚冷感型,//item.jd.com/100008914291.html,100008914291,118.00
123,100019696621,粤威 辣椒风湿膏 9cm*6cm*5片*2袋/盒,//item.jd.com/100019696621.html,100019696621,37.00
123,100012053861,GUM SUNSTAR Procare牙膏85g滋润型 口腔护理预防牙周疾病 日本进口,//item.jd.com/100012053861.html,100012053861,58.00
123,100049160865,康宝得维 非洛地平缓释片 5mg*20片/盒,//item.jd.com/100049160865.html,100049160865,50.00
123,100018280947,鲁南 洁宁 盐酸布替萘芬乳膏 1%（10g:0.1g） 主要用于絮状癣菌 红色癣菌等引起的足趾癣 体癣 股癣,//item.jd.com/100018280947.html,100018280947,102.00
123,100050758403,唐洛泰 补虚消渴合剂10ml*28支/盒唐用于气阴两虚证糖尿病辅助治疗 改善倦怠乏力 气短懒言,//item.jd.com/100050758403.html,100050758403,299.00
123,100025755884,三迪复方丹参片0.32g*60片/瓶/盒,//item.jd.com/100025755884.html,100025755884,13.00
123,100023278535,龙虎 风油精6ml/瓶/盒*480盒 清凉 止痛 驱风 止痒 蚊虫叮咬,//item.jd.com/100023278535.html,100023278535,1899.00
123,100020943379,安友 珍宝丸 30粒*2板 清热 安神,//item.jd.com/100020943379.html,100020943379,88.00
123,100034249938,仁和 肾石通颗粒 15g*12袋/盒 清热利湿 活血止痛 化石 排石 肾结石 膀胱结石,//item.jd.com/100034249938.html,100034249938,42.00
123,100012751588,仁和 格列吡嗪片 5mg*30片/盒 2型糖尿病 中、轻度二型高血糖 降糖药II型,//item.jd.com/100012751588.html,100012751588,18.00
123,100019067789,泰华堂 桑菊感冒颗粒 11g*10袋 疏风清热宜肺止咳 用于风热感冒头痛咳嗽口干咽痛,//item.jd.com/100019067789.html,100019067789,28.00
123,100051043639,多普泰 银翘袋泡剂清热解毒银翘片感冒咳嗽药止咳发热头痛口干咽喉肿痛喉咙痛2g*12袋,//item.jd.com/100051043639.html,100051043639,49.00
123,100026805031,科伦 诺可菲 富马酸替诺福韦二吡呋酯片 0.3g*30片/盒 慢性乙型肝炎 HIV-1感染 乙肝 肝胆用药,//item.jd.com/100026805031.html,100026805031,135.30
123,100022700127,扶正 贞芪扶正胶囊*36粒 补气养阴 久病虚损 气阴不足 配合手术 放射治疗 化学治疗 促进正常功能的恢复,//item.jd.com/100022700127.html,100022700127,29.00
123,100015939725,岷州 舒心宁片 0.3g*24片×3板/盒,//item.jd.com/100015939725.html,100015939725,7.70
123,100029056704,岷州 小儿感冒颗粒6g×10袋/盒,//item.jd.com/100029056704.html,100029056704,22.00
123,100026006295,科伦 诺可菲 富马酸替诺福韦二吡呋酯片 0.3g*30片/盒 慢性乙型肝炎 HIV-1感染 乙肝 肝胆用药,//item.jd.com/100026006295.html,100026006295,135.30
123,100030693376,四方同泰 麝香壮骨膏7cm*10cm*8贴/盒,//item.jd.com/100030693376.html,100030693376,15.00
123,100035647724,济仁 康媛颗粒 18g*9袋/盒 痛经 乳房胀痛 疏肝解郁 理气止痛 养血调经 经前期紧张综合症,//item.jd.com/100035647724.html,100035647724,37.80
123,100050063901,禾沐康 西红花 6g/瓶活血化瘀 凉血解毒 解郁安神,//item.jd.com/100050063901.html,100050063901,138.00
123,100020712774,唯他停 盐酸舍曲林分散片50mg*14片*2板 治疗抑郁症的相关症状,//item.jd.com/100020712774.html,100020712774,104.00
123,100033463308,德济 肤痒颗粒 9g*6袋/盒,//item.jd.com/100033463308.html,100033463308,29.50
123,100019935136,佐藤 Sato制药YUNKER EX营养补充150粒 缓解眼疲劳肌肉酸疼日本进口,//item.jd.com/100019935136.html,100019935136,208.00
123,100015470041,丽珠 得乐20粒*3盒+艾普拉唑肠溶片6片*3盒+克拉霉素片0.25g*6片*5盒+阿莫西林胶囊0.25g*50粒*2盒,//item.jd.com/100015470041.html,100015470041,361.50
123,100038998052,Natural Castle 维生素AD滴剂(胶囊型)20粒*3盒 用于预防和治疗维生素A及D的缺乏症,//item.jd.com/100038998052.html,100038998052,75.90
123,100038998052,Natural Castle 维生素AD滴剂(胶囊型)20粒*3盒 用于预防和治疗维生素A及D的缺乏症,//item.jd.com/100038998054.html,100038998054,75.90
123,100038998052,Natural Castle 维生素AD滴剂(胶囊型)20粒*3盒 用于预防和治疗维生素A及D的缺乏症,//item.jd.com/100038998066.html,100038998066,75.90
123,100038998052,Natural Castle 维生素AD滴剂(胶囊型)20粒*3盒 用于预防和治疗维生素A及D的缺乏症,//item.jd.com/100022576489.html,100022576489,75.90
123,100038998052,Natural Castle 维生素AD滴剂(胶囊型)20粒*3盒 用于预防和治疗维生素A及D的缺乏症,//item.jd.com/100022576485.html,100022576485,75.90
123,100038998052,Natural Castle 维生素AD滴剂(胶囊型)20粒*3盒 用于预防和治疗维生素A及D的缺乏症,//item.jd.com/100038998064.html,100038998064,75.90
123,100038998052,Natural Castle 维生素AD滴剂(胶囊型)20粒*3盒 用于预防和治疗维生素A及D的缺乏症,//item.jd.com/100038998082.html,100038998082,75.90
123,100038998052,Natural Castle 维生素AD滴剂(胶囊型)20粒*3盒 用于预防和治疗维生素A及D的缺乏症,//item.jd.com/100023990811.html,100023990811,75.90
123,100053040441,白云山 别嘌醇片 0.1g*12片*1板 用于高尿酸血症慢性痛风者、痛风石,//item.jd.com/100053040441.html,100053040441,29.80
123,100040909020,多普泰 八珍袋泡茶 2.4g*40袋 补气益血气血两虚面色萎黄四肢乏力,//item.jd.com/100040909020.html,100040909020,198.00
123,100028775134,珍芝堂 荡石片 12片/板*4板/盒 清热利水，通淋石,//item.jd.com/100028775134.html,100028775134,9.00
123,100009402359,华海 左乙拉西坦片 500mg*30片 用于成人及4岁以上儿童癫痫患者部分性发作的治疗,//item.jd.com/100009402359.html,100009402359,75.00
123,100044806447,圣博康 多维元素分散片(21)90片/盒,//item.jd.com/100044806447.html,100044806447,148.00
123,100036836023,宇妥 三味龙胆花片 0.5g*12片*4板,//item.jd.com/100036836023.html,100036836023,44.00
123,100030445728,张恒春 张恒春 黄连上清片 0.3g*24片*2板清热解毒泻火止痛,//item.jd.com/100030445728.html,100030445728,23.00
123,100015345541,汇仁 维生素AD滴剂 8粒/板*2板/盒 1岁以下用于预防和治疗维生素A及D的缺乏症,//item.jd.com/100015345541.html,100015345541,8.00
123,100015345541,汇仁 维生素AD滴剂 8粒/板*2板/盒 1岁以下用于预防和治疗维生素A及D的缺乏症,//item.jd.com/100028161464.html,100028161464,8.00
124,4250081,同仁堂 强肾镇痛丸 6g*10丸 温肾散寒,//item.jd.com/4250081.html,4250081,19.50
124,100043623719,永信 曲安奈德益康唑乳膏28g/支,//item.jd.com/100043623719.html,100043623719,14.50
124,100022959264,药友 逸宁 宁心宝胶囊 0.25g*24粒,//item.jd.com/100022959264.html,100022959264,16.80
124,100037677364,迪沙 庆大霉素普鲁卡因维B12颗粒6袋/盒,//item.jd.com/100037677364.html,100037677364,19.40
124,100025772451,金合 牛黄清心丸（局方）3g*6丸 半身不遂 言语不清 神志混乱 惊风抽搐 癫痫 清心化痰 镇惊祛风,//item.jd.com/100025772451.html,100025772451,166.00
124,100045857388,丽芙尿素乳膏（10克：1克）*30克+洛芙联苯苄唑溶液25毫升：250毫克*60ml*2,//item.jd.com/100045857388.html,100045857388,91.00
124,8251060,本草纲目 壮腰健肾丸60g/瓶 肾亏腰痛 膝软无力 风湿骨痛 神经衰弱补肾药,//item.jd.com/8251060.html,8251060,30.60
124,100041417538,清芬 右布洛芬片 0.2g*12片/瓶解热、镇痛及抗炎作用,//item.jd.com/100041417538.html,100041417538,39.80
124,100014527321,白马 桑椹膏 200g/盒 补肝肾益精血用于肝肾精血亏损引起的身体消瘦腰膝酸软盗汗,//item.jd.com/100014527321.html,100014527321,98.00
124,100022161414,英立达 阿昔替尼片 1mg*14片,//item.jd.com/100022161414.html,100022161414,845.00
124,100050819507,宁宁 正柴胡饮合剂 100ml*1瓶,//item.jd.com/100050819507.html,100050819507,98.00
124,100026930544,本草纲目 七宝美髯丸60g*5盒 肝肾两虚 须发早白 盗汗,//item.jd.com/100026930544.html,100026930544,240.00
124,100029951848,泰恩康 杞菊地黄丸(浓缩丸) 240丸(每8丸相当于原药材3克) 滋肾养肝,//item.jd.com/100029951848.html,100029951848,16.80
124,100045565754,川石 红霉素软膏1%*8g/盒+哈瑞美 阿达帕林凝胶0.1%*（30g:30mg）*25g,//item.jd.com/100045565754.html,100045565754,46.90
124,100023561617,金日制药酮康唑乳膏10g:0.2g*25g*1支/盒,//item.jd.com/100023561617.html,100023561617,17.00
124,100036570984,韩都 韩都 复方鱼腥草片0.41克*12片*3板/盒,//item.jd.com/100036570984.html,100036570984,9.90
124,100032817499,陇神 元胡止痛滴丸30丸*10袋 理气，活血，止痛。,//item.jd.com/100032817499.html,100032817499,42.00
124,100052382747,安律凡 阿立哌唑口服溶液 150ml;150mg 治疗精神分裂,//item.jd.com/100052382747.html,100052382747,385.00
124,100018030323,培邦 明目地黄丸 400丸/盒 用于肝肾阴虚目涩畏光,//item.jd.com/100018030323.html,100018030323,32.00
124,100038207907,鸿茅 破壁灵芝孢子粉 1g*3袋 用于虚劳体弱 失眠多梦 补气安神 健脾益肺,//item.jd.com/100038207907.html,100038207907,58.00
124,100038207907,鸿茅 破壁灵芝孢子粉 1g*3袋 用于虚劳体弱 失眠多梦 补气安神 健脾益肺,//item.jd.com/100036638569.html,100036638569,58.00
124,100038207907,鸿茅 破壁灵芝孢子粉 1g*3袋 用于虚劳体弱 失眠多梦 补气安神 健脾益肺,//item.jd.com/100036638577.html,100036638577,58.00
124,100011662643,白马 桑椹膏 200g*2瓶补肝肾益精血,//item.jd.com/100011662643.html,100011662643,218.00
124,100036294088,敖喜 枳陈消食口服液 10ml*6支 用于脾虚所致的不思饮食,//item.jd.com/100036294088.html,100036294088,38.00
124,100052352713,洛芙 盐酸特比萘芬喷雾剂 1%（15ml：0.15g）*30ml*1瓶/盒,//item.jd.com/100052352713.html,100052352713,24.90
124,100012351596,一笑堂 龟鹿药业 阿胶250g 补血滋阴血虚萎黄 眩晕心悸 心烦不眠 肺燥咳嗽,//item.jd.com/100012351596.html,100012351596,529.00
124,100011662637,顶俏奥利司他胶囊60mg*6粒/板*4板/盒 减肥药胶囊正品排油丸减肥产品,//item.jd.com/100011662637.html,100011662637,115.00
124,100029336596,药王孙真人 桂附地黄丸(浓缩丸) 480丸 温补肾阳用于腰膝酸软肢冷尿频,//item.jd.com/100029336596.html,100029336596,61.00
124,100042760078,禾沐康 甘草片 0.5kg/袋（统）补脾益气 清热解毒 祛痰止咳,//item.jd.com/100042760078.html,100042760078,109.60
124,100054270159,恩威 环吡酮胺乳膏 10g:0.1g*30g 浅部皮肤真菌感染 体癣 股癣 手足癣 花斑癣 皮肤念珠菌病 甲癣,//item.jd.com/100054270159.html,100054270159,28.80
124,100032952636,慧宝源 桑菊感冒合剂100ml/瓶/盒,//item.jd.com/100032952636.html,100032952636,20.00
124,100039606013,立丞 鼻炎宁胶囊 0.3克*15粒*3板 清湿热，通鼻窍，疏肝气，健脾胃,//item.jd.com/100039606013.html,100039606013,47.80
124,100044320044,仙琚 丁酸氢化可的松乳膏 0.1%*10g 用于过敏性皮炎、脂溢性皮炎、过敏性湿疹、苔藓样瘙痒症,//item.jd.com/100044320044.html,100044320044,12.28
124,100024760951,汝立康 汝立康 壮腰健肾片15片*3板*8盒/中盒,//item.jd.com/100024760951.html,100024760951,298.00
124,100040441965,颈复康 阿胶补血口服液 10ml*16支/盒,//item.jd.com/100040441965.html,100040441965,68.00
124,100054371965,康恩贝 葡萄糖酸锌口服溶液10ml:35mg*10ml/支*21支,//item.jd.com/100054371965.html,100054371965,49.90
124,100051927581,美匠师 甲硝唑凝胶10g 甲硝锉凝胶 祛痘膏去黑头痤疮粉刺酒渣鼻消炎祛痘印红肿痘脓包脸毛囊炎皮肤用药,//item.jd.com/100051927581.html,100051927581,15.00
124,100022276431,禾沐康杞菊地黄丸（浓缩丸）208丸滋肾养肝肝肾阴亏眩晕耳鸣羞明畏光迎风流泪视物昏花,//item.jd.com/100022276431.html,100022276431,16.00
124,100047405590,禾沐康 甘草片 100g/瓶（特选）补脾益气 清热解毒 祛痰止咳,//item.jd.com/100047405590.html,100047405590,17.90
124,100019696859,川抗 吗替麦考酚酯分散片 0.25g*8片*6板 适用于肾脏或肝脏移植预防器官的排斥反应,//item.jd.com/100019696859.html,100019696859,198.90
124,100026180272,豪森昕福 甲磺酸氟马替尼片 0.2g*10片*3板,//item.jd.com/100026180272.html,100026180272,1979.00
124,5347944,同仁堂 加味感冒丸 4g*10袋 清热散风 解表止咳 风热感冒,//item.jd.com/5347944.html,5347944,39.60
124,100041608890,润美康医药 阿奇霉素干混悬剂 0.1g*10袋 急性咽炎、急性扁桃体炎,//item.jd.com/100041608890.html,100041608890,19.80
124,100037142418,阜药 清肺十八味丸(敖西根-18） 每10粒重1g 30粒/袋*4袋/小盒*2小盒,//item.jd.com/100037142418.html,100037142418,46.00
124,100039326615,朗美 非布司他片 40mg*10片*1板 薄膜衣,//item.jd.com/100039326615.html,100039326615,25.00
124,100053234195,伊疏 阿仑膦酸钠片 10mg*7片/盒*2盒+护佑 香芍颗粒 4g*3袋/盒*14盒,//item.jd.com/100053234195.html,100053234195,839.60
124,100025087951,万通 万通筋骨康贴 7cm*10cm*4贴肩周炎 颈椎病 腰腿疼痛 肌肉关节疼痛 风湿骨外用药（BBC）,//item.jd.com/100025087951.html,100025087951,17.09
124,100035392114,卫达 郝智 巴氯芬片 10mg*20片 治疗脊髓和大脑疾病或损伤引起的肌肉痉挛,//item.jd.com/100035392114.html,100035392114,43.70
124,100036480070,悦而维生素D滴剂400单位*60粒 预防 维生素d缺乏症促钙吸收婴幼儿童补钙搭档 双鲸维生素d3,//item.jd.com/100036480070.html,100036480070,98.00
124,100019370671,999 尪痹胶囊0.55gx60粒 补肝肾 强筋骨 祛风湿 通经络 风湿关节痛 风湿骨外用药1,//item.jd.com/100019370671.html,100019370671,56.40
124,100027803919,吉月 马来酸阿法替尼片 40mg*7片 用于治疗非小细胞肺癌【正大天晴】,//item.jd.com/100027803919.html,100027803919,1120.00
124,100035757332,北京同仁堂 跌打丸3g*6丸/盒 活血散瘀 消肿止痛 用于跌打损伤 闪腰岔气,//item.jd.com/100035757332.html,100035757332,14.95
124,4762602,万菲乐 枸橼酸西地那非片 0.1g*10片/盒,//item.jd.com/4762602.html,4762602,299.00
124,100038472298,禾沐康补中益气丸（浓缩丸）208丸补中益气体倦乏力内脏下垂,//item.jd.com/100038472298.html,100038472298,16.00
124,100025229023,鼎快 碳酸镧咀嚼片 500mg*20片,//item.jd.com/100025229023.html,100025229023,227.00
124,100040218937,中和 吉康屏 氟尿嘧啶口服乳 10ml:0.1785g*10ml*10支 胃癌，胰腺癌，肠癌，胆道癌,//item.jd.com/100040218937.html,100040218937,698.00
124,100035256047,同仁堂 都梁丸 9克*10丸 祛风散寒 活血通络 用于风寒引起的鼻塞不通 偏正头痛 或伴寒热,//item.jd.com/100035256047.html,100035256047,92.00
124,100013934805,北京同仁堂 五子衍宗丸 60g/瓶 补肾益精 用于 肾虚精亏所致的阳痿不育遗精早泄腰痛尿后余沥,//item.jd.com/100013934805.html,100013934805,23.00
124,100020463597,东阿阿胶 复方阿胶浆 20ml*48支 补气养血女头晕目眩 心悸失眠 食欲不振 无蔗糖,//item.jd.com/100020463597.html,100020463597,390.00
124,100018535802,金诃 九味牛黄丸 0.5g*20丸/盒 清肝热 用于肝大 肝区疼痛 恶心 目赤 各种肝炎 培根 木布病,//item.jd.com/100018535802.html,100018535802,39.90
124,100021313414,拜耳凯妮汀克霉唑阴道片 0.5g*1片/盒 每盒含给药器 念珠菌性外阴阴道炎,//item.jd.com/100021313414.html,100021313414,49.00
124,100007637575,依尼舒 达沙替尼片 50mg*7片/盒 治疗慢性髓细胞白血病cml急粒变急淋变 【正大天晴】,//item.jd.com/100007637575.html,100007637575,459.00
125,100020530643,皇龙至通 匹伐他汀钙片 2mg*7片*2板 治疗高胆固醇症,//item.jd.com/100020530643.html,100020530643,27.00
125,100040018567,华北制药 人工牛黄甲硝唑胶囊 12s*2板,//item.jd.com/100040018567.html,100040018567,9.90
125,100025771987,北京同仁堂五子衍宗丸 90g(9g*10丸) 补肾益精，肾虚精亏所致的阳痿不育、遗精早泄、腰痛、尿后余沥,//item.jd.com/100025771987.html,100025771987,33.00
125,100020969629,陈李济 舒筋健腰丸120g 补益肝肾 强健筋骨 驱风除湿 活络止痛BBC,//item.jd.com/100020969629.html,100020969629,298.00
125,100035256521,同仁堂 牛黄解毒片 0.27g*30片/盒 咽喉肿痛 牙龈肿痛 口舌生疮 目赤肿痛,//item.jd.com/100035256521.html,100035256521,9.90
125,100025892023,拜耳 爱乐维叶酸 孕妇复合维生素片30片 2盒装备孕孕期哺乳期适用18种营养+叶酸,//item.jd.com/100025892023.html,100025892023,245.00
125,100034179868,思卫卡奥美沙坦酯氨氯地平片20mg:5mg*7片 用于治疗原发性高血压,//item.jd.com/100034179868.html,100034179868,62.10
125,100046437247,莱兹 他克莫司软膏 0.03%（10g：3mg）10g/支 中到重度特应性皮炎,//item.jd.com/100046437247.html,100046437247,88.00
125,100020083222,胡庆余堂 沉香化气胶囊0.45g*12粒*2板 理气疏肝 消积和胃 用于肝胃气滞 胸膈痞满 不思饮食 嗳气泛酸,//item.jd.com/100020083222.html,100020083222,40.00
125,100035256029,同仁堂 参茸丸 10g*30丸 滋阴补肾 用于肾虚肾寒腰腿酸痛形体瘦弱气血两亏,//item.jd.com/100035256029.html,100035256029,1280.00
125,100035757308,北京同仁堂 地榆槐角丸 9g*10丸 疏风凉血 泻热润燥 痔疮药 肛门肿痛 湿热便秘,//item.jd.com/100035757308.html,100035757308,28.75
125,100015085996,哈药三精 葡萄糖酸锌口服溶液10ml*90支 蓝瓶儿童补锌 用于治疗锌引起的营养不良 挑食厌食 生长迟缓,//item.jd.com/100015085996.html,100015085996,278.00
125,100035256189,北京同仁堂 加味青娥丸 9g*10丸 补肾 散寒 止痛 肾经虚寒引起的腰腿酸痛 小便频数 小腹冷痛,//item.jd.com/100035256189.html,100035256189,159.00
125,100048061051,巧仁堂 铝碳酸镁咀嚼片 0.5g*18片/盒,//item.jd.com/100048061051.html,100048061051,18.00
125,100024125620,美琛 聚维酮碘药膜 50mg*2片*7袋,//item.jd.com/100024125620.html,100024125620,69.00
125,100041415916,中智 西洋参 110g/瓶 补气养阴 清热生津,//item.jd.com/100041415916.html,100041415916,175.00
125,100054820213,禾沐康 罗汉果 2个（大号）,//item.jd.com/100054820213.html,100054820213,13.90
125,100051932323,京东大药房购药金时珍卡9.9元面值（电子卡） 仅支持京东APP购买,//item.jd.com/100051932323.html,100051932323,9.90
125,100045325423,京东大药房时珍卡150元面值（电子卡）限大客户采购 本卡仅支持在京东app购买,//item.jd.com/100045325423.html,100045325423,150.00
125,100053777413,白云山 联苯苄唑乳膏 10g：0.1g*20g/支/盒,//item.jd.com/100053777413.html,100053777413,22.00
125,100033348379,同仁堂 铁皮石斛(耳环石斛) 80g*2瓶,//item.jd.com/100033348379.html,100033348379,1960.00
125,100044436280,双鹤药业时珍卡500元面额（电子卡) 仅限购买双鹤品牌指定自营药品 本卡仅支持在京东app购买,//item.jd.com/100044436280.html,100044436280,500.00
125,100044436280,双鹤药业时珍卡500元面额（电子卡) 仅限购买双鹤品牌指定自营药品 本卡仅支持在京东app购买,//item.jd.com/100044436324.html,100044436324,500.00
125,100044436280,双鹤药业时珍卡500元面额（电子卡) 仅限购买双鹤品牌指定自营药品 本卡仅支持在京东app购买,//item.jd.com/100044551534.html,100044551534,500.00
125,100044436280,双鹤药业时珍卡500元面额（电子卡) 仅限购买双鹤品牌指定自营药品 本卡仅支持在京东app购买,//item.jd.com/100053448261.html,100053448261,500.00
125,100044436280,双鹤药业时珍卡500元面额（电子卡) 仅限购买双鹤品牌指定自营药品 本卡仅支持在京东app购买,//item.jd.com/100053448283.html,100053448283,500.00
125,100046889431,勃林格时珍卡300元面值（电子卡）仅限购买勃林格殷格翰品牌自营药品 仅支持京东APP端下单,//item.jd.com/100046889431.html,100046889431,300.00
125,100046786403,罗圣全 恩曲替尼胶囊 200mg*90粒/瓶,//item.jd.com/100046786403.html,100046786403,36999.00
125,100025039207,必利劲时珍卡50元面值（电子卡）仅限购买必利劲品牌自营药品 仅支持京东APP端下单,//item.jd.com/100025039207.html,100025039207,50.00
125,100026647504,豪森 苹果酸舒尼替尼胶囊 12.5mg*7粒*1板*2袋,//item.jd.com/100026647504.html,100026647504,1371.00
125,100029560798,常药 来那度胺胶囊 5mg*7粒/板*3板*1袋/盒,//item.jd.com/100029560798.html,100029560798,1800.00
125,100051234513,金丐时珍卡500元面值（电子卡）仅限购买金丐品牌自营药品 仅支持京东APP端下单,//item.jd.com/100051234513.html,100051234513,500.00
125,100051932309,京东大药房购药金时珍卡50元面值（电子卡） 仅支持京东APP购买,//item.jd.com/100051932309.html,100051932309,50.00
125,100054912761,九典时珍卡100元面值（电子卡）仅限购买九典品牌自营药品 仅支持京东APP端下单,//item.jd.com/100054912761.html,100054912761,100.00
125,100042584681,胡庆余堂时珍卡10元面值（电子卡）仅限购买胡庆余堂胃复春胶囊自营药品 仅支持京东APP端下单,//item.jd.com/100042584681.html,100042584681,10.00
125,100045308312,京东大药房时珍卡38元面值（电子卡）本卡仅支持在京东app购买,//item.jd.com/100045308312.html,100045308312,38.00
125,100037852515,南京正大天晴时珍卡100元面值（电子卡）仅限购买南京正大天晴品牌自营药品 仅支持京东APP端下单,//item.jd.com/100037852515.html,100037852515,100.00
125,100039919833,艾仕法时珍卡200元面值（电子卡）仅限购买艾仕法品牌自营药品 仅支持京东APP端下单,//item.jd.com/100039919833.html,100039919833,200.00
125,100043639986,苏中药业 黄葵胶囊 0.43g*15粒/板*4板/盒,//item.jd.com/100043639986.html,100043639986,73.00
125,100045292839,扬子江时珍卡1000元面值（电子卡）仅限购买扬子江品牌自营药品 仅支持京东APP端下单,//item.jd.com/100045292839.html,100045292839,1000.00
125,100033252619,京东大药房参天护眼好物时珍卡200元面值（电子卡）,//item.jd.com/100033252619.html,100033252619,200.00
125,100045857640,丽芙尿素乳膏（10克：1克）*30克+洛芙盐酸特比萘芬喷雾剂1%(15毫升：0.15克)*40ml*2,//item.jd.com/100045857640.html,100045857640,68.80
125,100024111463,广誉远时珍卡50元面值（电子卡）仅限购买广誉远品牌自营药品,//item.jd.com/100024111463.html,100024111463,50.00
125,100024111463,广誉远时珍卡50元面值（电子卡）仅限购买广誉远品牌自营药品,//item.jd.com/100024111471.html,100024111471,50.00
125,100025328720,科糖恩 恩格列净片 10mg*10片 2型糖尿病用药 降糖药 血糖药 降血糖 控制血糖 高血糖 降糖药,//item.jd.com/100025328720.html,100025328720,56.00
125,100042584695,有时力时珍卡300元面值（电子卡）仅限购买有时力品牌自营药品 仅支持京东APP端下单,//item.jd.com/100042584695.html,100042584695,300.00
125,100044142453,21金维他时珍卡20元面值（电子卡）仅限购买21金维他品牌自营部分药品 仅支持京东APP端下单,//item.jd.com/100044142453.html,100044142453,20.00
125,100022144929,三花 补中益气丸 6g*6袋 水丸,//item.jd.com/100022144929.html,100022144929,41.00
125,100053013837,莎普爱思 莎普健脾灵芝孢子油软胶囊0.5g/粒*30粒/瓶*2瓶/盒,//item.jd.com/100053013837.html,100053013837,799.00
125,100021911113,大唐 六味地黄丸 6g*6袋,//item.jd.com/100021911113.html,100021911113,36.90
125,100039336381,泰德制药时珍卡250元面值（电子卡）仅限购买泰德制药品牌自营药品 仅支持京东APP端下单,//item.jd.com/100039336381.html,100039336381,250.00
125,100045148293,九芝堂时珍卡50元面值（电子卡）仅限购买九芝堂品牌自营药品 仅支持京东APP端下单,//item.jd.com/100045148293.html,100045148293,50.00
125,100047226075,勃林格时珍卡80元面值（电子卡）仅限购买勃林格殷格翰品牌自营药品 仅支持京东APP端下单,//item.jd.com/100047226075.html,100047226075,80.00
125,100037852147,英特时珍卡30元面值（电子卡）仅限购买英特品牌自营药品 仅支持京东APP端下单,//item.jd.com/100037852147.html,100037852147,30.00
125,100054195609,东阿阿胶 骨龙胶囊 0.5g*24粒/盒 散寒止痛 活血祛风 强筋壮骨,//item.jd.com/100054195609.html,100054195609,39.00